symbol	name	alternative_symbols	stable_id	version	unversioned_stable_id	type	so_term	genome_uuid	metadata_name_accession_id	metadata_name_value	metadata_name_url	metadata_name_source_id	metadata_name_source_name	metadata_name_source_description	metadata_name_source_url	metadata_name_source_release	slice_region_assembly_accession_id	slice_region_assembly_organism_scientific_name	slice_region_assembly_organism_species_taxon_id	slice_region_name	slice_region_topology	slice_region_sequence_checksum	slice_location_end	slice_location_length	slice_location_start	slice_strand_code	slice_strand_value
BRCA2	BRCA2 DNA repair associated	['BRCC2', 'FACD', 'FAD', 'FAD1', 'FANCD', 'FANCD1', 'XRCC11']	ENSG00000139618.19	19	ENSG00000139618	Gene	protein_coding	2b5fb047-5992-4dfb-b2fa-1fb4e18d1abb	HGNC:1101	BRCA2 DNA repair associated	https://www.genenames.org/data/gene-symbol-report/#!/hgnc_id/HGNC:1101	HGNC	HGNC Symbol	HUGO Genome Nomenclature Committee	https://www.genenames.org	1	GCA_000001405.29	Homo sapiens	9606	13	linear	17dab79b963ccd8e7377cef59a54fe1c	32400268	85183	32315086	forward	1
A1BG	alpha-1-B glycoprotein	[]	ENSG00000121410.13	13	ENSG00000121410	Gene	protein_coding	2b5fb047-5992-4dfb-b2fa-1fb4e18d1abb	HGNC:5	alpha-1-B glycoprotein	https://www.genenames.org/data/gene-symbol-report/#!/hgnc_id/HGNC:5	HGNC	HGNC Symbol	HUGO Genome Nomenclature Committee	https://www.genenames.org	1	GCA_000001405.29	Homo sapiens	9606	19	linear	b0eba2c7bb5c953d1e06a508b5e487de	58353492	8315	58345178	reverse	-1
A2M	alpha-2-macroglobulin	['CPAMD5', 'FWP007', 'S863-7']	ENSG00000175899.15	15	ENSG00000175899	Gene	protein_coding	2b5fb047-5992-4dfb-b2fa-1fb4e18d1abb	HGNC:7	alpha-2-macroglobulin	https://www.genenames.org/data/gene-symbol-report/#!/hgnc_id/HGNC:7	HGNC	HGNC Symbol	HUGO Genome Nomenclature Committee	https://www.genenames.org	1	GCA_000001405.29	Homo sapiens	9606	12	linear	e81e16d3f44337034695a29b97708fce	9116229	48566	9067664	reverse	-1
ABL1	ABL proto-oncogene 1, non-receptor tyrosine kinase	['ABL', 'C-ABL', 'JTK7', 'P150']	ENSG00000097007.20	20	ENSG00000097007	Gene	protein_coding	2b5fb047-5992-4dfb-b2fa-1fb4e18d1abb	HGNC:76	ABL proto-oncogene 1, non-receptor tyrosine kinase	https://www.genenames.org/data/gene-symbol-report/#!/hgnc_id/HGNC:76	HGNC	HGNC Symbol	HUGO Genome Nomenclature Committee	https://www.genenames.org	1	GCA_000001405.29	Homo sapiens	9606	9	linear	addd2795560986b7491c40b1faa3978a	130887675	174633	130713043	forward	1
ACTB	actin beta	[]	ENSG00000075624.17	17	ENSG00000075624	Gene	protein_coding	2b5fb047-5992-4dfb-b2fa-1fb4e18d1abb	HGNC:132	actin beta	https://www.genenames.org/data/gene-symbol-report/#!/hgnc_id/HGNC:132	HGNC	HGNC Symbol	HUGO Genome Nomenclature Committee	https://www.genenames.org	1	GCA_000001405.29	Homo sapiens	9606	7	linear	94eef2b96fd5a7c8db162c8c74378039	5563902	37494	5526409	reverse	-1
AKT1	AKT serine/threonine kinase 1	['AKT', 'PKB', 'PRKBA', 'RAC', 'RAC-ALPHA']	ENSG00000142208.19	19	ENSG00000142208	Gene	protein_coding	2b5fb047-5992-4dfb-b2fa-1fb4e18d1abb	HGNC:391	AKT serine/threonine kinase 1	https://www.genenames.org/data/gene-symbol-report/#!/hgnc_id/HGNC:391	HGNC	HGNC Symbol	HUGO Genome Nomenclature Committee	https://www.genenames.org	1	GCA_000001405.29	Homo sapiens	9606	14	linear	acbd9552c059d9b403e75ed26c1ce5bc	104795759	26411	104769349	reverse	-1
APOE	apolipoprotein E	['AD2']	ENSG00000130203.10	10	ENSG00000130203	Gene	protein_coding	2b5fb047-5992-4dfb-b2fa-1fb4e18d1abb	HGNC:613	apolipoprotein E	https://www.genenames.org/data/gene-symbol-report/#!/hgnc_id/HGNC:613	HGNC	HGNC Symbol	HUGO Genome Nomenclature Committee	https://www.genenames.org	1	GCA_000001405.29	Homo sapiens	9606	19	linear	b0eba2c7bb5c953d1e06a508b5e487de	44909393	3603	44905791	forward	1
APP	amyloid beta precursor protein	['AD1', 'ALPHA-SAPP']	ENSG00000142192.22	22	ENSG00000142192	Gene	protein_coding	2b5fb047-5992-4dfb-b2fa-1fb4e18d1abb	HGNC:620	amyloid beta precursor protein	https://www.genenames.org/data/gene-symbol-report/#!/hgnc_id/HGNC:620	HGNC	HGNC Symbol	HUGO Genome Nomenclature Committee	https://www.genenames.org	1	GCA_000001405.29	Homo sapiens	9606	21	linear	2f45a3455007b7e271509161e52954a9	26171128	290594	25880535	reverse	-1
ATM	ATM serine/threonine kinase	['ATA', 'ATC', 'ATD', 'ATDC', 'TEL1', 'TELO1']	ENSG00000149311.22	22	ENSG00000149311	Gene	protein_coding	2b5fb047-5992-4dfb-b2fa-1fb4e18d1abb	HGNC:795	ATM serine/threonine kinase	https://www.genenames.org/data/gene-symbol-report/#!/hgnc_id/HGNC:795	HGNC	HGNC Symbol	HUGO Genome Nomenclature Committee	https://www.genenames.org	1	GCA_000001405.29	Homo sapiens	9606	11	linear	1511375dc2dd1b633af8cf439ae90cec	108369102	146299	108222804	forward	1
BRAF	B-Raf proto-oncogene, serine/threonine kinase	['BRAF-1', 'BRAF1']	ENSG00000157764.14	14	ENSG00000157764	Gene	protein_coding	2b5fb047-5992-4dfb-b2fa-1fb4e18d1abb	HGNC:1097	B-Raf proto-oncogene, serine/threonine kinase	https://www.genenames.org/data/gene-symbol-report/#!/hgnc_id/HGNC:1097	HGNC	HGNC Symbol	HUGO Genome Nomenclature Committee	https://www.genenames.org	1	GCA_000001405.29	Homo sapiens	9606	7	linear	94eef2b96fd5a7c8db162c8c74378039	140924929	205603	140719327	reverse	-1
BRCA1	BRCA1 DNA repair associated	['BRCC1', 'FANCS', 'PPP1R53', 'RNF53']	ENSG00000012048.26	26	ENSG00000012048	Gene	protein_coding	2b5fb047-5992-4dfb-b2fa-1fb4e18d1abb	HGNC:1100	BRCA1 DNA repair associated	https://www.genenames.org/data/gene-symbol-report/#!/hgnc_id/HGNC:1100	HGNC	HGNC Symbol	HUGO Genome Nomenclature Committee	https://www.genenames.org	1	GCA_000001405.29	Homo sapiens	9606	17	linear	a8499ca51d6fb77332c2d242923994eb	43170245	125951	43044295	reverse	-1
BRCA2	BRCA2 DNA repair associated	['BRCC2', 'FACD', 'FAD', 'FAD1', 'FANCD', 'FANCD1', 'XRCC11']	ENSG00000139618.19	19	ENSG00000139618	Gene	protein_coding	2b5fb047-5992-4dfb-b2fa-1fb4e18d1abb	HGNC:1101	BRCA2 DNA repair associated	https://www.genenames.org/data/gene-symbol-report/#!/hgnc_id/HGNC:1101	HGNC	HGNC Symbol	HUGO Genome Nomenclature Committee	https://www.genenames.org	1	GCA_000001405.29	Homo sapiens	9606	13	linear	17dab79b963ccd8e7377cef59a54fe1c	32400268	85183	32315086	forward	1
CDK2	cyclin dependent kinase 2	[]	ENSG00000123374.11	11	ENSG00000123374	Gene	protein_coding	2b5fb047-5992-4dfb-b2fa-1fb4e18d1abb	HGNC:1771	cyclin dependent kinase 2	https://www.genenames.org/data/gene-symbol-report/#!/hgnc_id/HGNC:1771	HGNC	HGNC Symbol	HUGO Genome Nomenclature Committee	https://www.genenames.org	1	GCA_000001405.29	Homo sapiens	9606	12	linear	e81e16d3f44337034695a29b97708fce	55972789	6009	55966781	forward	1
CDKN1A	cyclin dependent kinase inhibitor 1A	['CAP20', 'CDKN1', 'CIP1', 'P21', 'P21CIP1', 'P21CIP1/WAF1', 'SDI1', 'WAF1']	ENSG00000124762.15	15	ENSG00000124762	Gene	protein_coding	2b5fb047-5992-4dfb-b2fa-1fb4e18d1abb	HGNC:1784	cyclin dependent kinase inhibitor 1A	https://www.genenames.org/data/gene-symbol-report/#!/hgnc_id/HGNC:1784	HGNC	HGNC Symbol	HUGO Genome Nomenclature Committee	https://www.genenames.org	1	GCA_000001405.29	Homo sapiens	9606	6	linear	6a48dfa97e854e3c6f186c8ff973f7dd	36687397	10938	36676460	forward	1
CFTR	CF transmembrane conductance regulator	['ABC35', 'ABCC7', 'CF', 'CFTR/MRP', 'DJ760C5.1', 'MRP7', 'TNR-CFTR']	ENSG00000001626.18	18	ENSG00000001626	Gene	protein_coding	2b5fb047-5992-4dfb-b2fa-1fb4e18d1abb	HGNC:1884	CF transmembrane conductance regulator	https://www.genenames.org/data/gene-symbol-report/#!/hgnc_id/HGNC:1884	HGNC	HGNC Symbol	HUGO Genome Nomenclature Committee	https://www.genenames.org	1	GCA_000001405.29	Homo sapiens	9606	7	linear	94eef2b96fd5a7c8db162c8c74378039	117715971	428852	117287120	forward	1
CLTC	clathrin heavy chain	['CLTCL2', 'HC']	ENSG00000141367.14	14	ENSG00000141367	Gene	protein_coding	2b5fb047-5992-4dfb-b2fa-1fb4e18d1abb	HGNC:2092	clathrin heavy chain	https://www.genenames.org/data/gene-symbol-report/#!/hgnc_id/HGNC:2092	HGNC	HGNC Symbol	HUGO Genome Nomenclature Committee	https://www.genenames.org	1	GCA_000001405.29	Homo sapiens	9606	17	linear	a8499ca51d6fb77332c2d242923994eb	59696956	77277	59619680	forward	1
CRP	C-reactive protein	['PTX1']	ENSG00000132693.12	12	ENSG00000132693	Gene	protein_coding	2b5fb047-5992-4dfb-b2fa-1fb4e18d1abb	HGNC:2367	C-reactive protein	https://www.genenames.org/data/gene-symbol-report/#!/hgnc_id/HGNC:2367	HGNC	HGNC Symbol	HUGO Genome Nomenclature Committee	https://www.genenames.org	1	GCA_000001405.29	Homo sapiens	9606	1	linear	2648ae1bacce4ec4b6cf337dcae37816	159714589	2301	159712289	reverse	-1
CTNNB1	catenin beta 1	['ARMADILLO', 'BETA-CATENIN', 'CTNNB']	ENSG00000168036.19	19	ENSG00000168036	Gene	protein_coding	2b5fb047-5992-4dfb-b2fa-1fb4e18d1abb	HGNC:2514	catenin beta 1	https://www.genenames.org/data/gene-symbol-report/#!/hgnc_id/HGNC:2514	HGNC	HGNC Symbol	HUGO Genome Nomenclature Committee	https://www.genenames.org	1	GCA_000001405.29	Homo sapiens	9606	3	linear	a48af509898d3736ba95dc0912c0b461	41260096	65356	41194741	forward	1
CYP1A1	cytochrome P450 family 1 subfamily A member 1	['CP11', 'CYP1', 'P1-450', 'P450-C', 'P450DX']	ENSG00000140465.15	15	ENSG00000140465	Gene	protein_coding	2b5fb047-5992-4dfb-b2fa-1fb4e18d1abb	HGNC:2595	cytochrome P450 family 1 subfamily A member 1	https://www.genenames.org/data/gene-symbol-report/#!/hgnc_id/HGNC:2595	HGNC	HGNC Symbol	HUGO Genome Nomenclature Committee	https://www.genenames.org	1	GCA_000001405.29	Homo sapiens	9606	15	linear	f036bd11158407596ca6bf3581454706	74725536	5995	74719542	reverse	-1
EGFR	epidermal growth factor receptor	['ERBB', 'ERBB1', 'ERRP']	ENSG00000146648.21	21	ENSG00000146648	Gene	protein_coding	2b5fb047-5992-4dfb-b2fa-1fb4e18d1abb	HGNC:3236	epidermal growth factor receptor	https://www.genenames.org/data/gene-symbol-report/#!/hgnc_id/HGNC:3236	HGNC	HGNC Symbol	HUGO Genome Nomenclature Committee	https://www.genenames.org	1	GCA_000001405.29	Homo sapiens	9606	7	linear	94eef2b96fd5a7c8db162c8c74378039	55211628	192612	55019017	forward	1
ESR1	estrogen receptor 1	['ER', 'ER-ALPHA', 'ERA', 'ESR', 'NR3A1']	ENSG00000091831.25	25	ENSG00000091831	Gene	protein_coding	2b5fb047-5992-4dfb-b2fa-1fb4e18d1abb	HGNC:3467	estrogen receptor 1	https://www.genenames.org/data/gene-symbol-report/#!/hgnc_id/HGNC:3467	HGNC	HGNC Symbol	HUGO Genome Nomenclature Committee	https://www.genenames.org	1	GCA_000001405.29	Homo sapiens	9606	6	linear	6a48dfa97e854e3c6f186c8ff973f7dd	152129619	472929	151656691	forward	1
F5	coagulation factor V	[]	ENSG00000198734.12	12	ENSG00000198734	Gene	protein_coding	2b5fb047-5992-4dfb-b2fa-1fb4e18d1abb	HGNC:3542	coagulation factor V	https://www.genenames.org/data/gene-symbol-report/#!/hgnc_id/HGNC:3542	HGNC	HGNC Symbol	HUGO Genome Nomenclature Committee	https://www.genenames.org	1	GCA_000001405.29	Homo sapiens	9606	1	linear	2648ae1bacce4ec4b6cf337dcae37816	169586588	74638	169511951	reverse	-1
F8	coagulation factor VIII	['DXS1253E', 'F8C', 'FVIII', 'HEMA']	ENSG00000185010.15	15	ENSG00000185010	Gene	protein_coding	2b5fb047-5992-4dfb-b2fa-1fb4e18d1abb	HGNC:3546	coagulation factor VIII	https://www.genenames.org/data/gene-symbol-report/#!/hgnc_id/HGNC:3546	HGNC	HGNC Symbol	HUGO Genome Nomenclature Committee	https://www.genenames.org	1	GCA_000001405.29	Homo sapiens	9606	X	linear	49527016a48497d9d1cbd8e4a9049bd3	155026940	191153	154835788	reverse	-1
FLI1	Fli-1 proto-oncogene, ETS transcription factor	['EWSR2', 'FLI-1', 'SIC-1']	ENSG00000151702.18	18	ENSG00000151702	Gene	protein_coding	2b5fb047-5992-4dfb-b2fa-1fb4e18d1abb	HGNC:3749	Fli-1 proto-oncogene, ETS transcription factor	https://www.genenames.org/data/gene-symbol-report/#!/hgnc_id/HGNC:3749	HGNC	HGNC Symbol	HUGO Genome Nomenclature Committee	https://www.genenames.org	1	GCA_000001405.29	Homo sapiens	9606	11	linear	1511375dc2dd1b633af8cf439ae90cec	128813267	126733	128686535	forward	1
FOXP3	forkhead box P3	['AIID', 'DIETER', 'IPEX', 'JM2', 'PIDX', 'SCURFIN', 'XPID']	ENSG00000049768.18	18	ENSG00000049768	Gene	protein_coding	2b5fb047-5992-4dfb-b2fa-1fb4e18d1abb	HGNC:6106	forkhead box P3	https://www.genenames.org/data/gene-symbol-report/#!/hgnc_id/HGNC:6106	HGNC	HGNC Symbol	HUGO Genome Nomenclature Committee	https://www.genenames.org	1	GCA_000001405.29	Homo sapiens	9606	X	linear	49527016a48497d9d1cbd8e4a9049bd3	49264800	14363	49250438	reverse	-1
G6PD	glucose-6-phosphate dehydrogenase	['G6PD1']	ENSG00000160211.20	20	ENSG00000160211	Gene	protein_coding	2b5fb047-5992-4dfb-b2fa-1fb4e18d1abb	HGNC:4057	glucose-6-phosphate dehydrogenase	https://www.genenames.org/data/gene-symbol-report/#!/hgnc_id/HGNC:4057	HGNC	HGNC Symbol	HUGO Genome Nomenclature Committee	https://www.genenames.org	1	GCA_000001405.29	Homo sapiens	9606	X	linear	49527016a48497d9d1cbd8e4a9049bd3	154547572	29748	154517825	reverse	-1
GAPDH	glyceraldehyde-3-phosphate dehydrogenase	['GAPD']	ENSG00000111640.15	15	ENSG00000111640	Gene	protein_coding	2b5fb047-5992-4dfb-b2fa-1fb4e18d1abb	HGNC:4141	glyceraldehyde-3-phosphate dehydrogenase	https://www.genenames.org/data/gene-symbol-report/#!/hgnc_id/HGNC:4141	HGNC	HGNC Symbol	HUGO Genome Nomenclature Committee	https://www.genenames.org	1	GCA_000001405.29	Homo sapiens	9606	12	linear	e81e16d3f44337034695a29b97708fce	6538374	3863	6534512	forward	1
GRB2	growth factor receptor bound protein 2	['NCKAP2']	ENSG00000177885.15	15	ENSG00000177885	Gene	protein_coding	2b5fb047-5992-4dfb-b2fa-1fb4e18d1abb	HGNC:4566	growth factor receptor bound protein 2	https://www.genenames.org/data/gene-symbol-report/#!/hgnc_id/HGNC:4566	HGNC	HGNC Symbol	HUGO Genome Nomenclature Committee	https://www.genenames.org	1	GCA_000001405.29	Homo sapiens	9606	17	linear	a8499ca51d6fb77332c2d242923994eb	75405709	87634	75318076	reverse	-1
HBB	hemoglobin subunit beta	['BETA-GLOBIN', 'CD113T-C']	ENSG00000244734.4	4	ENSG00000244734	Gene	protein_coding	2b5fb047-5992-4dfb-b2fa-1fb4e18d1abb	HGNC:4827	hemoglobin subunit beta	https://www.genenames.org/data/gene-symbol-report/#!/hgnc_id/HGNC:4827	HGNC	HGNC Symbol	HUGO Genome Nomenclature Committee	https://www.genenames.org	1	GCA_000001405.29	Homo sapiens	9606	11	linear	1511375dc2dd1b633af8cf439ae90cec	5229395	3932	5225464	reverse	-1
HLA-A	major histocompatibility complex, class I, A	[]	ENSG00000227715.11	11	ENSG00000227715	Gene	protein_coding	2b5fb047-5992-4dfb-b2fa-1fb4e18d1abb	HGNC:4931	major histocompatibility complex, class I, A	https://www.genenames.org/data/gene-symbol-report/#!/hgnc_id/HGNC:4931	HGNC	HGNC Symbol	HUGO Genome Nomenclature Committee	https://www.genenames.org	1	GCA_000001405.29	Homo sapiens	9606	HSCHR6_MHC_MCF_CTG1	linear	ad357767de6beef959952d39200522ea	1289979	3344	1286636	forward	1
HLA-A	major histocompatibility complex, class I, A	[]	ENSG00000229215.9	9	ENSG00000229215	Gene	protein_coding	2b5fb047-5992-4dfb-b2fa-1fb4e18d1abb	HGNC:4931	major histocompatibility complex, class I, A	https://www.genenames.org/data/gene-symbol-report/#!/hgnc_id/HGNC:4931	HGNC	HGNC Symbol	HUGO Genome Nomenclature Committee	https://www.genenames.org	1	GCA_000001405.29	Homo sapiens	9606	HSCHR6_MHC_APD_CTG1	linear	740358c10fbb870c86a7e44226bbdb3a	1267669	120322	1147348	forward	1
HLA-A	major histocompatibility complex, class I, A	[]	ENSG00000223980.10	10	ENSG00000223980	Gene	protein_coding	2b5fb047-5992-4dfb-b2fa-1fb4e18d1abb	HGNC:4931	major histocompatibility complex, class I, A	https://www.genenames.org/data/gene-symbol-report/#!/hgnc_id/HGNC:4931	HGNC	HGNC Symbol	HUGO Genome Nomenclature Committee	https://www.genenames.org	1	GCA_000001405.29	Homo sapiens	9606	HSCHR6_MHC_SSTO_CTG1	linear	a80b1b3c21ac7e7b7acf75178ae3d83c	1307767	68695	1239073	forward	1
HLA-A	major histocompatibility complex, class I, A	[]	ENSG00000235657.9	9	ENSG00000235657	Gene	protein_coding	2b5fb047-5992-4dfb-b2fa-1fb4e18d1abb	HGNC:4931	major histocompatibility complex, class I, A	https://www.genenames.org/data/gene-symbol-report/#!/hgnc_id/HGNC:4931	HGNC	HGNC Symbol	HUGO Genome Nomenclature Committee	https://www.genenames.org	1	GCA_000001405.29	Homo sapiens	9606	HSCHR6_MHC_DBB_CTG1	linear	0c2ee784f397289b1713ad133fd93d39	1265390	120436	1144955	forward	1
HLA-A	major histocompatibility complex, class I, A	[]	ENSG00000231834.10	10	ENSG00000231834	Gene	protein_coding	2b5fb047-5992-4dfb-b2fa-1fb4e18d1abb	HGNC:4931	major histocompatibility complex, class I, A	https://www.genenames.org/data/gene-symbol-report/#!/hgnc_id/HGNC:4931	HGNC	HGNC Symbol	HUGO Genome Nomenclature Committee	https://www.genenames.org	1	GCA_000001405.29	Homo sapiens	9606	HSCHR6_MHC_MANN_CTG1	linear	a5cdd062ee0d61ea6b3c5166e79b472e	1200442	4642	1195801	forward	1
HLA-A	major histocompatibility complex, class I, A	[]	ENSG00000206503.15	15	ENSG00000206503	Gene	protein_coding	2b5fb047-5992-4dfb-b2fa-1fb4e18d1abb	HGNC:4931	major histocompatibility complex, class I, A	https://www.genenames.org/data/gene-symbol-report/#!/hgnc_id/HGNC:4931	HGNC	HGNC Symbol	HUGO Genome Nomenclature Committee	https://www.genenames.org	1	GCA_000001405.29	Homo sapiens	9606	6	linear	6a48dfa97e854e3c6f186c8ff973f7dd	29949572	8313	29941260	forward	1
HLA-A	major histocompatibility complex, class I, A	[]	ENSG00000224320.9	9	ENSG00000224320	Gene	protein_coding	2b5fb047-5992-4dfb-b2fa-1fb4e18d1abb	HGNC:4931	major histocompatibility complex, class I, A	https://www.genenames.org/data/gene-symbol-report/#!/hgnc_id/HGNC:4931	HGNC	HGNC Symbol	HUGO Genome Nomenclature Committee	https://www.genenames.org	1	GCA_000001405.29	Homo sapiens	9606	HSCHR6_MHC_COX_CTG1	linear	e51d466e4a702acf3c9c5ffdc1ee0c51	1489345	120324	1369022	forward	1
HLA-A	major histocompatibility complex, class I, A	[]	ENSG00000206505.13	13	ENSG00000206505	Gene	protein_coding	2b5fb047-5992-4dfb-b2fa-1fb4e18d1abb	HGNC:4931	major histocompatibility complex, class I, A	https://www.genenames.org/data/gene-symbol-report/#!/hgnc_id/HGNC:4931	HGNC	HGNC Symbol	HUGO Genome Nomenclature Committee	https://www.genenames.org	1	GCA_000001405.29	Homo sapiens	9606	HSCHR6_MHC_QBL_CTG1	linear	bceeb4190283066a6d0891562b41d164	1264879	68662	1196218	forward	1
HLA-B	major histocompatibility complex, class I, B	['AS']	ENSG00000234745.14	14	ENSG00000234745	Gene	protein_coding	2b5fb047-5992-4dfb-b2fa-1fb4e18d1abb	HGNC:4932	major histocompatibility complex, class I, B	https://www.genenames.org/data/gene-symbol-report/#!/hgnc_id/HGNC:4932	HGNC	HGNC Symbol	HUGO Genome Nomenclature Committee	https://www.genenames.org	1	GCA_000001405.29	Homo sapiens	9606	6	linear	6a48dfa97e854e3c6f186c8ff973f7dd	31367067	13196	31353872	reverse	-1
HLA-B	major histocompatibility complex, class I, B	['AS']	ENSG00000206450.11	11	ENSG00000206450	Gene	protein_coding	2b5fb047-5992-4dfb-b2fa-1fb4e18d1abb	HGNC:4932	major histocompatibility complex, class I, B	https://www.genenames.org/data/gene-symbol-report/#!/hgnc_id/HGNC:4932	HGNC	HGNC Symbol	HUGO Genome Nomenclature Committee	https://www.genenames.org	1	GCA_000001405.29	Homo sapiens	9606	HSCHR6_MHC_QBL_CTG1	linear	bceeb4190283066a6d0891562b41d164	2612898	87978	2524921	reverse	-1
HLA-B	major histocompatibility complex, class I, B	['AS']	ENSG00000223532.10	10	ENSG00000223532	Gene	protein_coding	2b5fb047-5992-4dfb-b2fa-1fb4e18d1abb	HGNC:4932	major histocompatibility complex, class I, B	https://www.genenames.org/data/gene-symbol-report/#!/hgnc_id/HGNC:4932	HGNC	HGNC Symbol	HUGO Genome Nomenclature Committee	https://www.genenames.org	1	GCA_000001405.29	Homo sapiens	9606	HSCHR6_MHC_COX_CTG1	linear	e51d466e4a702acf3c9c5ffdc1ee0c51	2837604	87188	2750417	reverse	-1
HLA-B	major histocompatibility complex, class I, B	['AS']	ENSG00000224608.10	10	ENSG00000224608	Gene	protein_coding	2b5fb047-5992-4dfb-b2fa-1fb4e18d1abb	HGNC:4932	major histocompatibility complex, class I, B	https://www.genenames.org/data/gene-symbol-report/#!/hgnc_id/HGNC:4932	HGNC	HGNC Symbol	HUGO Genome Nomenclature Committee	https://www.genenames.org	1	GCA_000001405.29	Homo sapiens	9606	HSCHR6_MHC_MANN_CTG1	linear	a5cdd062ee0d61ea6b3c5166e79b472e	2665857	87317	2578541	reverse	-1
HLA-B	major histocompatibility complex, class I, B	['AS']	ENSG00000232126.8	8	ENSG00000232126	Gene	protein_coding	2b5fb047-5992-4dfb-b2fa-1fb4e18d1abb	HGNC:4932	major histocompatibility complex, class I, B	https://www.genenames.org/data/gene-symbol-report/#!/hgnc_id/HGNC:4932	HGNC	HGNC Symbol	HUGO Genome Nomenclature Committee	https://www.genenames.org	1	GCA_000001405.29	Homo sapiens	9606	HSCHR6_MHC_MCF_CTG1	linear	ad357767de6beef959952d39200522ea	2699230	87012	2612219	reverse	-1
HLA-B	major histocompatibility complex, class I, B	['AS']	ENSG00000228964.10	10	ENSG00000228964	Gene	protein_coding	2b5fb047-5992-4dfb-b2fa-1fb4e18d1abb	HGNC:4932	major histocompatibility complex, class I, B	https://www.genenames.org/data/gene-symbol-report/#!/hgnc_id/HGNC:4932	HGNC	HGNC Symbol	HUGO Genome Nomenclature Committee	https://www.genenames.org	1	GCA_000001405.29	Homo sapiens	9606	HSCHR6_MHC_SSTO_CTG1	linear	a80b1b3c21ac7e7b7acf75178ae3d83c	2659467	88021	2571447	reverse	-1
HLA-C	major histocompatibility complex, class I, C	['D6S204', 'HLA-JY3', 'PSORS1']	ENSG00000228299.9	9	ENSG00000228299	Gene	protein_coding	2b5fb047-5992-4dfb-b2fa-1fb4e18d1abb	HGNC:4933	major histocompatibility complex, class I, C	https://www.genenames.org/data/gene-symbol-report/#!/hgnc_id/HGNC:4933	HGNC	HGNC Symbol	HUGO Genome Nomenclature Committee	https://www.genenames.org	1	GCA_000001405.29	Homo sapiens	9606	HSCHR6_MHC_DBB_CTG1	linear	0c2ee784f397289b1713ad133fd93d39	2529920	3372	2526549	reverse	-1
HLA-C	major histocompatibility complex, class I, C	['D6S204', 'HLA-JY3', 'PSORS1']	ENSG00000233841.11	11	ENSG00000233841	Gene	protein_coding	2b5fb047-5992-4dfb-b2fa-1fb4e18d1abb	HGNC:4933	major histocompatibility complex, class I, C	https://www.genenames.org/data/gene-symbol-report/#!/hgnc_id/HGNC:4933	HGNC	HGNC Symbol	HUGO Genome Nomenclature Committee	https://www.genenames.org	1	GCA_000001405.29	Homo sapiens	9606	HSCHR6_MHC_COX_CTG1	linear	e51d466e4a702acf3c9c5ffdc1ee0c51	2753056	3382	2749675	reverse	-1
HLA-C	major histocompatibility complex, class I, C	['D6S204', 'HLA-JY3', 'PSORS1']	ENSG00000204525.18	18	ENSG00000204525	Gene	protein_coding	2b5fb047-5992-4dfb-b2fa-1fb4e18d1abb	HGNC:4933	major histocompatibility complex, class I, C	https://www.genenames.org/data/gene-symbol-report/#!/hgnc_id/HGNC:4933	HGNC	HGNC Symbol	HUGO Genome Nomenclature Committee	https://www.genenames.org	1	GCA_000001405.29	Homo sapiens	9606	6	linear	6a48dfa97e854e3c6f186c8ff973f7dd	31272130	3382	31268749	reverse	-1
HLA-C	major histocompatibility complex, class I, C	['D6S204', 'HLA-JY3', 'PSORS1']	ENSG00000237022.10	10	ENSG00000237022	Gene	protein_coding	2b5fb047-5992-4dfb-b2fa-1fb4e18d1abb	HGNC:4933	major histocompatibility complex, class I, C	https://www.genenames.org/data/gene-symbol-report/#!/hgnc_id/HGNC:4933	HGNC	HGNC Symbol	HUGO Genome Nomenclature Committee	https://www.genenames.org	1	GCA_000001405.29	Homo sapiens	9606	HSCHR6_MHC_MANN_CTG1	linear	a5cdd062ee0d61ea6b3c5166e79b472e	2581172	3372	2577801	reverse	-1
HLA-C	major histocompatibility complex, class I, C	['D6S204', 'HLA-JY3', 'PSORS1']	ENSG00000225691.7	7	ENSG00000225691	Gene	protein_coding	2b5fb047-5992-4dfb-b2fa-1fb4e18d1abb	HGNC:4933	major histocompatibility complex, class I, C	https://www.genenames.org/data/gene-symbol-report/#!/hgnc_id/HGNC:4933	HGNC	HGNC Symbol	HUGO Genome Nomenclature Committee	https://www.genenames.org	1	GCA_000001405.29	Homo sapiens	9606	HSCHR6_MHC_MCF_CTG1	linear	ad357767de6beef959952d39200522ea	2614849	3372	2611478	reverse	-1
HLA-C	major histocompatibility complex, class I, C	['D6S204', 'HLA-JY3', 'PSORS1']	ENSG00000206452.10	10	ENSG00000206452	Gene	protein_coding	2b5fb047-5992-4dfb-b2fa-1fb4e18d1abb	HGNC:4933	major histocompatibility complex, class I, C	https://www.genenames.org/data/gene-symbol-report/#!/hgnc_id/HGNC:4933	HGNC	HGNC Symbol	HUGO Genome Nomenclature Committee	https://www.genenames.org	1	GCA_000001405.29	Homo sapiens	9606	HSCHR6_MHC_QBL_CTG1	linear	bceeb4190283066a6d0891562b41d164	2527552	3372	2524181	reverse	-1
HLA-C	major histocompatibility complex, class I, C	['D6S204', 'HLA-JY3', 'PSORS1']	ENSG00000206435.10	10	ENSG00000206435	Gene	protein_coding	2b5fb047-5992-4dfb-b2fa-1fb4e18d1abb	HGNC:4933	major histocompatibility complex, class I, C	https://www.genenames.org/data/gene-symbol-report/#!/hgnc_id/HGNC:4933	HGNC	HGNC Symbol	HUGO Genome Nomenclature Committee	https://www.genenames.org	1	GCA_000001405.29	Homo sapiens	9606	HSCHR6_MHC_SSTO_CTG1	linear	a80b1b3c21ac7e7b7acf75178ae3d83c	2574099	3393	2570707	reverse	-1
HRAS	HRas proto-oncogene, GTPase	['HRAS1']	ENSG00000174775.18	18	ENSG00000174775	Gene	protein_coding	2b5fb047-5992-4dfb-b2fa-1fb4e18d1abb	HGNC:5173	HRas proto-oncogene, GTPase	https://www.genenames.org/data/gene-symbol-report/#!/hgnc_id/HGNC:5173	HGNC	HGNC Symbol	HUGO Genome Nomenclature Committee	https://www.genenames.org	1	GCA_000001405.29	Homo sapiens	9606	11	linear	1511375dc2dd1b633af8cf439ae90cec	537321	5080	532242	reverse	-1
HRAS	HRas proto-oncogene, GTPase	['HRAS1']	ENSG00000276536.4	4	ENSG00000276536	Gene	protein_coding	2b5fb047-5992-4dfb-b2fa-1fb4e18d1abb	HGNC:5173	HRas proto-oncogene, GTPase	https://www.genenames.org/data/gene-symbol-report/#!/hgnc_id/HGNC:5173	HGNC	HGNC Symbol	HUGO Genome Nomenclature Committee	https://www.genenames.org	1	GCA_000001405.29	Homo sapiens	9606	HSCHR11_1_CTG8	linear	2b63a3f97e490e807587639807d26293	66928	5046	61883	reverse	-1
HTT	huntingtin	['HD', 'IT15']	ENSG00000197386.14	14	ENSG00000197386	Gene	protein_coding	2b5fb047-5992-4dfb-b2fa-1fb4e18d1abb	HGNC:4851	huntingtin	https://www.genenames.org/data/gene-symbol-report/#!/hgnc_id/HGNC:4851	HGNC	HGNC Symbol	HUGO Genome Nomenclature Committee	https://www.genenames.org	1	GCA_000001405.29	Homo sapiens	9606	4	linear	3210fecf1eb92d5489da4346b3fddc6e	3243957	202595	3041363	forward	1
IL6	interleukin 6	['BSF2', 'HGF', 'HSF', 'IFNB2', 'IL-6']	ENSG00000136244.12	12	ENSG00000136244	Gene	protein_coding	2b5fb047-5992-4dfb-b2fa-1fb4e18d1abb	HGNC:6018	interleukin 6	https://www.genenames.org/data/gene-symbol-report/#!/hgnc_id/HGNC:6018	HGNC	HGNC Symbol	HUGO Genome Nomenclature Committee	https://www.genenames.org	1	GCA_000001405.29	Homo sapiens	9606	7	linear	94eef2b96fd5a7c8db162c8c74378039	22732002	6119	22725884	forward	1
JAK2	Janus kinase 2	['JTK10']	ENSG00000096968.14	14	ENSG00000096968	Gene	protein_coding	2b5fb047-5992-4dfb-b2fa-1fb4e18d1abb	HGNC:6192	Janus kinase 2	https://www.genenames.org/data/gene-symbol-report/#!/hgnc_id/HGNC:6192	HGNC	HGNC Symbol	HUGO Genome Nomenclature Committee	https://www.genenames.org	1	GCA_000001405.29	Homo sapiens	9606	9	linear	addd2795560986b7491c40b1faa3978a	5129948	145559	4984390	forward	1
KRAS	KRAS proto-oncogene, GTPase	['K-RAS4B', 'KRAS1', 'KRAS2']	ENSG00000133703.14	14	ENSG00000133703	Gene	protein_coding	2b5fb047-5992-4dfb-b2fa-1fb4e18d1abb	HGNC:6407	KRAS proto-oncogene, GTPase	https://www.genenames.org/data/gene-symbol-report/#!/hgnc_id/HGNC:6407	HGNC	HGNC Symbol	HUGO Genome Nomenclature Committee	https://www.genenames.org	1	GCA_000001405.29	Homo sapiens	9606	12	linear	e81e16d3f44337034695a29b97708fce	25250936	45691	25205246	reverse	-1
LDLR	low density lipoprotein receptor	['LDLCQ2']	ENSG00000130164.16	16	ENSG00000130164	Gene	protein_coding	2b5fb047-5992-4dfb-b2fa-1fb4e18d1abb	HGNC:6547	low density lipoprotein receptor	https://www.genenames.org/data/gene-symbol-report/#!/hgnc_id/HGNC:6547	HGNC	HGNC Symbol	HUGO Genome Nomenclature Committee	https://www.genenames.org	1	GCA_000001405.29	Homo sapiens	9606	19	linear	b0eba2c7bb5c953d1e06a508b5e487de	11133820	44403	11089418	forward	1
LMNA	lamin A/C	['CMD1A', 'HGPS', 'LGMD1B', 'LMN1', 'LMNL1', 'MADA', 'PRO1']	ENSG00000160789.25	25	ENSG00000160789	Gene	protein_coding	2b5fb047-5992-4dfb-b2fa-1fb4e18d1abb	HGNC:6636	lamin A/C	https://www.genenames.org/data/gene-symbol-report/#!/hgnc_id/HGNC:6636	HGNC	HGNC Symbol	HUGO Genome Nomenclature Committee	https://www.genenames.org	1	GCA_000001405.29	Homo sapiens	9606	1	linear	2648ae1bacce4ec4b6cf337dcae37816	156140081	57510	156082572	forward	1
MAPK1	mitogen-activated protein kinase 1	['ERK', 'ERK2', 'MAPK2', 'P41MAPK', 'PRKM1', 'PRKM2']	ENSG00000100030.15	15	ENSG00000100030	Gene	protein_coding	2b5fb047-5992-4dfb-b2fa-1fb4e18d1abb	HGNC:6871	mitogen-activated protein kinase 1	https://www.genenames.org/data/gene-symbol-report/#!/hgnc_id/HGNC:6871	HGNC	HGNC Symbol	HUGO Genome Nomenclature Committee	https://www.genenames.org	1	GCA_000001405.29	Homo sapiens	9606	22	linear	221733a2a15e2de66d33e73d126c5109	21867680	108024	21759657	reverse	-1
MDM2	MDM2 proto-oncogene	['HDM2', 'MGC5370']	ENSG00000135679.27	27	ENSG00000135679	Gene	protein_coding	2b5fb047-5992-4dfb-b2fa-1fb4e18d1abb	HGNC:6973	MDM2 proto-oncogene	https://www.genenames.org/data/gene-symbol-report/#!/hgnc_id/HGNC:6973	HGNC	HGNC Symbol	HUGO Genome Nomenclature Committee	https://www.genenames.org	1	GCA_000001405.29	Homo sapiens	9606	12	linear	e81e16d3f44337034695a29b97708fce	68845544	37368	68808177	forward	1
MTHFR	methylenetetrahydrofolate reductase	[]	ENSG00000177000.13	13	ENSG00000177000	Gene	protein_coding	2b5fb047-5992-4dfb-b2fa-1fb4e18d1abb	HGNC:7436	methylenetetrahydrofolate reductase	https://www.genenames.org/data/gene-symbol-report/#!/hgnc_id/HGNC:7436	HGNC	HGNC Symbol	HUGO Genome Nomenclature Committee	https://www.genenames.org	1	GCA_000001405.29	Homo sapiens	9606	1	linear	2648ae1bacce4ec4b6cf337dcae37816	11806455	20733	11785723	reverse	-1
MYC	MYC proto-oncogene, bHLH transcription factor	['BHLHE39', 'C-MYC', 'MYCC']	ENSG00000136997.22	22	ENSG00000136997	Gene	protein_coding	2b5fb047-5992-4dfb-b2fa-1fb4e18d1abb	HGNC:7553	MYC proto-oncogene, bHLH transcription factor	https://www.genenames.org/data/gene-symbol-report/#!/hgnc_id/HGNC:7553	HGNC	HGNC Symbol	HUGO Genome Nomenclature Committee	https://www.genenames.org	1	GCA_000001405.29	Homo sapiens	9606	8	linear	c67955b5f7815a9a1edfaa15893d3616	127742951	7518	127735434	forward	1
NFKB1	nuclear factor kappa B subunit 1	['KBF1', 'NF-KAPPAB', 'NF-KB1', 'NFKAPPAB', 'NFKB-P50', 'P105', 'P50']	ENSG00000109320.14	14	ENSG00000109320	Gene	protein_coding	2b5fb047-5992-4dfb-b2fa-1fb4e18d1abb	HGNC:7794	nuclear factor kappa B subunit 1	https://www.genenames.org/data/gene-symbol-report/#!/hgnc_id/HGNC:7794	HGNC	HGNC Symbol	HUGO Genome Nomenclature Committee	https://www.genenames.org	1	GCA_000001405.29	Homo sapiens	9606	4	linear	3210fecf1eb92d5489da4346b3fddc6e	102617302	115973	102501330	forward	1
NOS3	nitric oxide synthase 3	['ECNOS', 'ENOS']	ENSG00000164867.11	11	ENSG00000164867	Gene	protein_coding	2b5fb047-5992-4dfb-b2fa-1fb4e18d1abb	HGNC:7876	nitric oxide synthase 3	https://www.genenames.org/data/gene-symbol-report/#!/hgnc_id/HGNC:7876	HGNC	HGNC Symbol	HUGO Genome Nomenclature Committee	https://www.genenames.org	1	GCA_000001405.29	Homo sapiens	9606	7	linear	94eef2b96fd5a7c8db162c8c74378039	151014588	23572	150991017	forward	1
NRAS	NRAS proto-oncogene, GTPase	['N-RAS']	ENSG00000213281.5	5	ENSG00000213281	Gene	protein_coding	2b5fb047-5992-4dfb-b2fa-1fb4e18d1abb	HGNC:7989	NRAS proto-oncogene, GTPase	https://www.genenames.org/data/gene-symbol-report/#!/hgnc_id/HGNC:7989	HGNC	HGNC Symbol	HUGO Genome Nomenclature Committee	https://www.genenames.org	1	GCA_000001405.29	Homo sapiens	9606	1	linear	2648ae1bacce4ec4b6cf337dcae37816	114716771	12303	114704469	reverse	-1
PCSK9	proprotein convertase subtilisin/kexin type 9	['FH3', 'HCHOLA3', 'NARC-1']	ENSG00000169174.13	13	ENSG00000169174	Gene	protein_coding	2b5fb047-5992-4dfb-b2fa-1fb4e18d1abb	HGNC:20001	proprotein convertase subtilisin/kexin type 9	https://www.genenames.org/data/gene-symbol-report/#!/hgnc_id/HGNC:20001	HGNC	HGNC Symbol	HUGO Genome Nomenclature Committee	https://www.genenames.org	1	GCA_000001405.29	Homo sapiens	9606	1	linear	2648ae1bacce4ec4b6cf337dcae37816	55064852	25408	55039445	forward	1
PDGFRA	platelet derived growth factor receptor alpha	['CD140A', 'GAS9', 'PDGFR2']	ENSG00000134853.12	12	ENSG00000134853	Gene	protein_coding	2b5fb047-5992-4dfb-b2fa-1fb4e18d1abb	HGNC:8803	platelet derived growth factor receptor alpha	https://www.genenames.org/data/gene-symbol-report/#!/hgnc_id/HGNC:8803	HGNC	HGNC Symbol	HUGO Genome Nomenclature Committee	https://www.genenames.org	1	GCA_000001405.29	Homo sapiens	9606	4	linear	3210fecf1eb92d5489da4346b3fddc6e	54298245	68966	54229280	forward	1
PIK3CA	phosphatidylinositol-4,5-bisphosphate 3-kinase catalytic subunit alpha	['PI3K']	ENSG00000121879.6	6	ENSG00000121879	Gene	protein_coding	2b5fb047-5992-4dfb-b2fa-1fb4e18d1abb	HGNC:8975	phosphatidylinositol-4,5-bisphosphate 3-kinase catalytic subunit alpha	https://www.genenames.org/data/gene-symbol-report/#!/hgnc_id/HGNC:8975	HGNC	HGNC Symbol	HUGO Genome Nomenclature Committee	https://www.genenames.org	1	GCA_000001405.29	Homo sapiens	9606	3	linear	a48af509898d3736ba95dc0912c0b461	179240093	91980	179148114	forward	1
PML	PML nuclear body scaffold	['MYL', 'RNF71', 'TRIM19']	ENSG00000140464.20	20	ENSG00000140464	Gene	protein_coding	2b5fb047-5992-4dfb-b2fa-1fb4e18d1abb	HGNC:9113	PML nuclear body scaffold	https://www.genenames.org/data/gene-symbol-report/#!/hgnc_id/HGNC:9113	HGNC	HGNC Symbol	HUGO Genome Nomenclature Committee	https://www.genenames.org	1	GCA_000001405.29	Homo sapiens	9606	15	linear	f036bd11158407596ca6bf3581454706	74047827	53155	73994673	forward	1
PTEN	phosphatase and tensin homolog	['BZS', 'MHAM', 'MMAC1', 'PTEN1', 'TEP1']	ENSG00000284792.2	2	ENSG00000284792	Gene	protein_coding	2b5fb047-5992-4dfb-b2fa-1fb4e18d1abb	HGNC:9588	phosphatase and tensin homolog	https://www.genenames.org/data/gene-symbol-report/#!/hgnc_id/HGNC:9588	HGNC	HGNC Symbol	HUGO Genome Nomenclature Committee	https://www.genenames.org	1	GCA_000001405.29	Homo sapiens	9606	HG2334_PATCH	linear	689406b39faf88d73399ea125f6d5d3f	183684	105223	78462	forward	1
PTEN	phosphatase and tensin homolog	['BZS', 'MHAM', 'MMAC1', 'PTEN1', 'TEP1']	ENSG00000171862.16	16	ENSG00000171862	Gene	protein_coding	2b5fb047-5992-4dfb-b2fa-1fb4e18d1abb	HGNC:9588	phosphatase and tensin homolog	https://www.genenames.org/data/gene-symbol-report/#!/hgnc_id/HGNC:9588	HGNC	HGNC Symbol	HUGO Genome Nomenclature Committee	https://www.genenames.org	1	GCA_000001405.29	Homo sapiens	9606	10	linear	907112d17fcb73bcab1ed1c72b97ce68	87971930	109293	87862638	forward	1
RB1	RB transcriptional corepressor 1	['OSRC', 'PPP1R130', 'RB']	ENSG00000139687.17	17	ENSG00000139687	Gene	protein_coding	2b5fb047-5992-4dfb-b2fa-1fb4e18d1abb	HGNC:9884	RB transcriptional corepressor 1	https://www.genenames.org/data/gene-symbol-report/#!/hgnc_id/HGNC:9884	HGNC	HGNC Symbol	HUGO Genome Nomenclature Committee	https://www.genenames.org	1	GCA_000001405.29	Homo sapiens	9606	13	linear	17dab79b963ccd8e7377cef59a54fe1c	48599436	295693	48303744	forward	1
REL	REL proto-oncogene, NF-kB subunit	['C-REL', 'HIVEN86A', 'I-REL']	ENSG00000162924.16	16	ENSG00000162924	Gene	protein_coding	2b5fb047-5992-4dfb-b2fa-1fb4e18d1abb	HGNC:9954	REL proto-oncogene, NF-kB subunit	https://www.genenames.org/data/gene-symbol-report/#!/hgnc_id/HGNC:9954	HGNC	HGNC Symbol	HUGO Genome Nomenclature Committee	https://www.genenames.org	1	GCA_000001405.29	Homo sapiens	9606	2	linear	4bb4f82880a14111eb7327169ffb729b	60931612	50122	60881491	forward	1
SMAD4	SMAD family member 4	['DPC4', 'MADH4']	ENSG00000141646.17	17	ENSG00000141646	Gene	protein_coding	2b5fb047-5992-4dfb-b2fa-1fb4e18d1abb	HGNC:6770	SMAD family member 4	https://www.genenames.org/data/gene-symbol-report/#!/hgnc_id/HGNC:6770	HGNC	HGNC Symbol	HUGO Genome Nomenclature Committee	https://www.genenames.org	1	GCA_000001405.29	Homo sapiens	9606	18	linear	11eeaa801f6b0e2e36a1138616b8ee9a	51085045	56518	51028528	forward	1
SRC	SRC proto-oncogene, non-receptor tyrosine kinase	['ASV', 'C-SRC', 'SRC1']	ENSG00000197122.13	13	ENSG00000197122	Gene	protein_coding	2b5fb047-5992-4dfb-b2fa-1fb4e18d1abb	HGNC:11283	SRC proto-oncogene, non-receptor tyrosine kinase	https://www.genenames.org/data/gene-symbol-report/#!/hgnc_id/HGNC:11283	HGNC	HGNC Symbol	HUGO Genome Nomenclature Committee	https://www.genenames.org	1	GCA_000001405.29	Homo sapiens	9606	20	linear	b18e6c531b0bd70e949a7fc20859cb01	37406050	61366	37344685	forward	1
SRC	SRC proto-oncogene, non-receptor tyrosine kinase	['ASV', 'C-SRC', 'SRC1']	ENSG00000291971.1	1	ENSG00000291971	Gene	protein_coding	2b5fb047-5992-4dfb-b2fa-1fb4e18d1abb	HGNC:11283	SRC proto-oncogene, non-receptor tyrosine kinase	https://www.genenames.org/data/gene-symbol-report/#!/hgnc_id/HGNC:11283	HGNC	HGNC Symbol	HUGO Genome Nomenclature Committee	https://www.genenames.org	1	GCA_000001405.29	Homo sapiens	9606	HG410_PATCH	linear	4d56c0b528f53a1a35b647e5ca42644c	315552	61366	254187	forward	1
STAT3	signal transducer and activator of transcription 3	['APRF']	ENSG00000168610.17	17	ENSG00000168610	Gene	protein_coding	2b5fb047-5992-4dfb-b2fa-1fb4e18d1abb	HGNC:11364	signal transducer and activator of transcription 3	https://www.genenames.org/data/gene-symbol-report/#!/hgnc_id/HGNC:11364	HGNC	HGNC Symbol	HUGO Genome Nomenclature Committee	https://www.genenames.org	1	GCA_000001405.29	Homo sapiens	9606	17	linear	a8499ca51d6fb77332c2d242923994eb	42388568	75245	42313324	reverse	-1
TP53	tumor protein p53	['LFS1', 'P53']	ENSG00000141510.19	19	ENSG00000141510	Gene	protein_coding	2b5fb047-5992-4dfb-b2fa-1fb4e18d1abb	HGNC:11998	tumor protein p53	https://www.genenames.org/data/gene-symbol-report/#!/hgnc_id/HGNC:11998	HGNC	HGNC Symbol	HUGO Genome Nomenclature Committee	https://www.genenames.org	1	GCA_000001405.29	Homo sapiens	9606	17	linear	a8499ca51d6fb77332c2d242923994eb	7687546	25768	7661779	reverse	-1
TP63	tumor protein p63	['EEC3', 'KET', 'NBP', 'OFC8', 'P40', 'P51', 'P53CP', 'P63', 'P73H', 'P73L', 'SHFM4', 'TP53CP', 'TP53L', 'TP73L']	ENSG00000073282.14	14	ENSG00000073282	Gene	protein_coding	2b5fb047-5992-4dfb-b2fa-1fb4e18d1abb	HGNC:15979	tumor protein p63	https://www.genenames.org/data/gene-symbol-report/#!/hgnc_id/HGNC:15979	HGNC	HGNC Symbol	HUGO Genome Nomenclature Committee	https://www.genenames.org	1	GCA_000001405.29	Homo sapiens	9606	3	linear	a48af509898d3736ba95dc0912c0b461	189897276	265888	189631389	forward	1
TP73	tumor protein p73	['P73']	ENSG00000078900.16	16	ENSG00000078900	Gene	protein_coding	2b5fb047-5992-4dfb-b2fa-1fb4e18d1abb	HGNC:12003	tumor protein p73	https://www.genenames.org/data/gene-symbol-report/#!/hgnc_id/HGNC:12003	HGNC	HGNC Symbol	HUGO Genome Nomenclature Committee	https://www.genenames.org	1	GCA_000001405.29	Homo sapiens	9606	1	linear	2648ae1bacce4ec4b6cf337dcae37816	3736201	83686	3652516	forward	1
TSC1	TSC complex subunit 1	['HAMARTIN', 'KIAA0243', 'LAM', 'TSC']	ENSG00000165699.16	16	ENSG00000165699	Gene	protein_coding	2b5fb047-5992-4dfb-b2fa-1fb4e18d1abb	HGNC:12362	TSC complex subunit 1	https://www.genenames.org/data/gene-symbol-report/#!/hgnc_id/HGNC:12362	HGNC	HGNC Symbol	HUGO Genome Nomenclature Committee	https://www.genenames.org	1	GCA_000001405.29	Homo sapiens	9606	9	linear	addd2795560986b7491c40b1faa3978a	132946874	55527	132891348	reverse	-1
TSC2	TSC complex subunit 2	['LAM', 'PPP1R160', 'TSC4', 'TUBERIN']	ENSG00000103197.20	20	ENSG00000103197	Gene	protein_coding	2b5fb047-5992-4dfb-b2fa-1fb4e18d1abb	HGNC:12363	TSC complex subunit 2	https://www.genenames.org/data/gene-symbol-report/#!/hgnc_id/HGNC:12363	HGNC	HGNC Symbol	HUGO Genome Nomenclature Committee	https://www.genenames.org	1	GCA_000001405.29	Homo sapiens	9606	16	linear	24e7cabfba3548a2bb4dff582b9ee870	2089491	41525	2047967	forward	1
VEGFA	vascular endothelial growth factor A	['VEGF', 'VEGF-A', 'VPF']	ENSG00000112715.26	26	ENSG00000112715	Gene	protein_coding	2b5fb047-5992-4dfb-b2fa-1fb4e18d1abb	HGNC:12680	vascular endothelial growth factor A	https://www.genenames.org/data/gene-symbol-report/#!/hgnc_id/HGNC:12680	HGNC	HGNC Symbol	HUGO Genome Nomenclature Committee	https://www.genenames.org	1	GCA_000001405.29	Homo sapiens	9606	6	linear	6a48dfa97e854e3c6f186c8ff973f7dd	43786487	16304	43770184	forward	1
VHL	von Hippel-Lindau tumor suppressor	['VHL1']	ENSG00000134086.11	11	ENSG00000134086	Gene	protein_coding	2b5fb047-5992-4dfb-b2fa-1fb4e18d1abb	HGNC:12687	von Hippel-Lindau tumor suppressor	https://www.genenames.org/data/gene-symbol-report/#!/hgnc_id/HGNC:12687	HGNC	HGNC Symbol	HUGO Genome Nomenclature Committee	https://www.genenames.org	1	GCA_000001405.29	Homo sapiens	9606	3	linear	a48af509898d3736ba95dc0912c0b461	10153676	11899	10141778	forward	1
WRN	WRN RecQ like helicase	['RECQ3', 'RECQL2']	ENSG00000165392.11	11	ENSG00000165392	Gene	protein_coding	2b5fb047-5992-4dfb-b2fa-1fb4e18d1abb	HGNC:12791	WRN RecQ like helicase	https://www.genenames.org/data/gene-symbol-report/#!/hgnc_id/HGNC:12791	HGNC	HGNC Symbol	HUGO Genome Nomenclature Committee	https://www.genenames.org	1	GCA_000001405.29	Homo sapiens	9606	8	linear	c67955b5f7815a9a1edfaa15893d3616	31176138	142351	31033788	forward	1
XPA	XPA, DNA damage recognition and repair factor	['XP1', 'XPAC']	ENSG00000136936.11	11	ENSG00000136936	Gene	protein_coding	2b5fb047-5992-4dfb-b2fa-1fb4e18d1abb	HGNC:12814	XPA, DNA damage recognition and repair factor	https://www.genenames.org/data/gene-symbol-report/#!/hgnc_id/HGNC:12814	HGNC	HGNC Symbol	HUGO Genome Nomenclature Committee	https://www.genenames.org	1	GCA_000001405.29	Homo sapiens	9606	9	linear	addd2795560986b7491c40b1faa3978a	97697340	22432	97674909	reverse	-1
XPC	XPC complex subunit, DNA damage recognition and repair factor	['RAD4', 'XPCC']	ENSG00000154767.16	16	ENSG00000154767	Gene	protein_coding	2b5fb047-5992-4dfb-b2fa-1fb4e18d1abb	HGNC:12816	XPC complex subunit, DNA damage recognition and repair factor	https://www.genenames.org/data/gene-symbol-report/#!/hgnc_id/HGNC:12816	HGNC	HGNC Symbol	HUGO Genome Nomenclature Committee	https://www.genenames.org	1	GCA_000001405.29	Homo sapiens	9606	3	linear	a48af509898d3736ba95dc0912c0b461	14178621	33477	14145145	reverse	-1
YAP1	Yes1 associated transcriptional regulator	['YAP-1', 'YAP65']	ENSG00000137693.14	14	ENSG00000137693	Gene	protein_coding	2b5fb047-5992-4dfb-b2fa-1fb4e18d1abb	HGNC:16262	Yes1 associated transcriptional regulator	https://www.genenames.org/data/gene-symbol-report/#!/hgnc_id/HGNC:16262	HGNC	HGNC Symbol	HUGO Genome Nomenclature Committee	https://www.genenames.org	1	GCA_000001405.29	Homo sapiens	9606	11	linear	1511375dc2dd1b633af8cf439ae90cec	102233424	122978	102110447	forward	1
ZAP70	zeta chain of T cell receptor associated protein kinase 70	['SRK', 'STD', 'ZAP-70']	ENSG00000115085.16	16	ENSG00000115085	Gene	protein_coding	2b5fb047-5992-4dfb-b2fa-1fb4e18d1abb	HGNC:12858	zeta chain of T cell receptor associated protein kinase 70	https://www.genenames.org/data/gene-symbol-report/#!/hgnc_id/HGNC:12858	HGNC	HGNC Symbol	HUGO Genome Nomenclature Committee	https://www.genenames.org	1	GCA_000001405.29	Homo sapiens	9606	2	linear	4bb4f82880a14111eb7327169ffb729b	97744327	30752	97713576	forward	1
ZAP70	zeta chain of T cell receptor associated protein kinase 70	['SRK', 'STD', 'ZAP-70']	ENSG00000291603.1	1	ENSG00000291603	Gene	protein_coding	2b5fb047-5992-4dfb-b2fa-1fb4e18d1abb	HGNC:12858	zeta chain of T cell receptor associated protein kinase 70	https://www.genenames.org/data/gene-symbol-report/#!/hgnc_id/HGNC:12858	HGNC	HGNC Symbol	HUGO Genome Nomenclature Committee	https://www.genenames.org	1	GCA_000001405.29	Homo sapiens	9606	HG2275_PATCH	linear	2d9ad42452385c6982f4893deb145de9	665893	26287	639607	forward	1
ZNF175	zinc finger protein 175	['OTK18']	ENSG00000105497.8	8	ENSG00000105497	Gene	protein_coding	2b5fb047-5992-4dfb-b2fa-1fb4e18d1abb	HGNC:12964	zinc finger protein 175	https://www.genenames.org/data/gene-symbol-report/#!/hgnc_id/HGNC:12964	HGNC	HGNC Symbol	HUGO Genome Nomenclature Committee	https://www.genenames.org	1	GCA_000001405.29	Homo sapiens	9606	19	linear	b0eba2c7bb5c953d1e06a508b5e487de	51592510	21228	51571283	forward	1
ZNF274	zinc finger protein 274	['ZKSCAN19', 'ZSCAN51']	ENSG00000171606.18	18	ENSG00000171606	Gene	protein_coding	2b5fb047-5992-4dfb-b2fa-1fb4e18d1abb	HGNC:13068	zinc finger protein 274	https://www.genenames.org/data/gene-symbol-report/#!/hgnc_id/HGNC:13068	HGNC	HGNC Symbol	HUGO Genome Nomenclature Committee	https://www.genenames.org	1	GCA_000001405.29	Homo sapiens	9606	19	linear	b0eba2c7bb5c953d1e06a508b5e487de	58213562	30534	58183029	forward	1
ACTA1	actin alpha 1, skeletal muscle	['ACTA', 'NEM3']	ENSG00000143632.15	15	ENSG00000143632	Gene	protein_coding	2b5fb047-5992-4dfb-b2fa-1fb4e18d1abb	HGNC:129	actin alpha 1, skeletal muscle	https://www.genenames.org/data/gene-symbol-report/#!/hgnc_id/HGNC:129	HGNC	HGNC Symbol	HUGO Genome Nomenclature Committee	https://www.genenames.org	1	GCA_000001405.29	Homo sapiens	9606	1	linear	2648ae1bacce4ec4b6cf337dcae37816	229434104	3740	229430365	reverse	-1
ADCY5	adenylate cyclase 5	['AC5']	ENSG00000173175.17	17	ENSG00000173175	Gene	protein_coding	2b5fb047-5992-4dfb-b2fa-1fb4e18d1abb	HGNC:236	adenylate cyclase 5	https://www.genenames.org/data/gene-symbol-report/#!/hgnc_id/HGNC:236	HGNC	HGNC Symbol	HUGO Genome Nomenclature Committee	https://www.genenames.org	1	GCA_000001405.29	Homo sapiens	9606	3	linear	a48af509898d3736ba95dc0912c0b461	123449090	166795	123282296	reverse	-1
ADRB2	adrenoceptor beta 2	['ADRB2R', 'ADRBR', 'ARB2', 'B2AR', 'BAR']	ENSG00000169252.6	6	ENSG00000169252	Gene	protein_coding	2b5fb047-5992-4dfb-b2fa-1fb4e18d1abb	HGNC:286	adrenoceptor beta 2	https://www.genenames.org/data/gene-symbol-report/#!/hgnc_id/HGNC:286	HGNC	HGNC Symbol	HUGO Genome Nomenclature Committee	https://www.genenames.org	1	GCA_000001405.29	Homo sapiens	9606	5	linear	f7f05fb7ceea78cbc32ce652c540ff2d	148828623	2013	148826611	forward	1
AHR	aryl hydrocarbon receptor	['BHLHE76']	ENSG00000106546.14	14	ENSG00000106546	Gene	protein_coding	2b5fb047-5992-4dfb-b2fa-1fb4e18d1abb	HGNC:348	aryl hydrocarbon receptor	https://www.genenames.org/data/gene-symbol-report/#!/hgnc_id/HGNC:348	HGNC	HGNC Symbol	HUGO Genome Nomenclature Committee	https://www.genenames.org	1	GCA_000001405.29	Homo sapiens	9606	7	linear	94eef2b96fd5a7c8db162c8c74378039	17346152	429794	16916359	forward	1
ALB	albumin	[]	ENSG00000163631.19	19	ENSG00000163631	Gene	protein_coding	2b5fb047-5992-4dfb-b2fa-1fb4e18d1abb	HGNC:399	albumin	https://www.genenames.org/data/gene-symbol-report/#!/hgnc_id/HGNC:399	HGNC	HGNC Symbol	HUGO Genome Nomenclature Committee	https://www.genenames.org	1	GCA_000001405.29	Homo sapiens	9606	4	linear	3210fecf1eb92d5489da4346b3fddc6e	73421482	24369	73397114	forward	1
ALDH2	aldehyde dehydrogenase 2 family member	[]	ENSG00000111275.13	13	ENSG00000111275	Gene	protein_coding	2b5fb047-5992-4dfb-b2fa-1fb4e18d1abb	HGNC:404	aldehyde dehydrogenase 2 family member	https://www.genenames.org/data/gene-symbol-report/#!/hgnc_id/HGNC:404	HGNC	HGNC Symbol	HUGO Genome Nomenclature Committee	https://www.genenames.org	1	GCA_000001405.29	Homo sapiens	9606	12	linear	e81e16d3f44337034695a29b97708fce	111817532	50646	111766887	forward	1
APC	APC regulator of WNT signaling pathway	['DP2', 'DP2.5', 'DP3', 'PPP1R46']	ENSG00000134982.19	19	ENSG00000134982	Gene	protein_coding	2b5fb047-5992-4dfb-b2fa-1fb4e18d1abb	HGNC:583	APC regulator of WNT signaling pathway	https://www.genenames.org/data/gene-symbol-report/#!/hgnc_id/HGNC:583	HGNC	HGNC Symbol	HUGO Genome Nomenclature Committee	https://www.genenames.org	1	GCA_000001405.29	Homo sapiens	9606	5	linear	f7f05fb7ceea78cbc32ce652c540ff2d	112846239	138722	112707518	forward	1
AR	androgen receptor	['AIS', 'DHTR', 'HUMARA', 'NR3C4', 'SBMA', 'SMAX1']	ENSG00000169083.18	18	ENSG00000169083	Gene	protein_coding	2b5fb047-5992-4dfb-b2fa-1fb4e18d1abb	HGNC:644	androgen receptor	https://www.genenames.org/data/gene-symbol-report/#!/hgnc_id/HGNC:644	HGNC	HGNC Symbol	HUGO Genome Nomenclature Committee	https://www.genenames.org	1	GCA_000001405.29	Homo sapiens	9606	X	linear	49527016a48497d9d1cbd8e4a9049bd3	67730619	186599	67544021	forward	1
ARHGAP1	Rho GTPase activating protein 1	['CDC42GAP', 'P50RHOGAP', 'RHOGAP']	ENSG00000175220.12	12	ENSG00000175220	Gene	protein_coding	2b5fb047-5992-4dfb-b2fa-1fb4e18d1abb	HGNC:673	Rho GTPase activating protein 1	https://www.genenames.org/data/gene-symbol-report/#!/hgnc_id/HGNC:673	HGNC	HGNC Symbol	HUGO Genome Nomenclature Committee	https://www.genenames.org	1	GCA_000001405.29	Homo sapiens	9606	11	linear	1511375dc2dd1b633af8cf439ae90cec	46700619	23540	46677080	reverse	-1
BCL2	BCL2 apoptosis regulator	['BCL-2', 'PPP1R50']	ENSG00000171791.14	14	ENSG00000171791	Gene	protein_coding	2b5fb047-5992-4dfb-b2fa-1fb4e18d1abb	HGNC:990	BCL2 apoptosis regulator	https://www.genenames.org/data/gene-symbol-report/#!/hgnc_id/HGNC:990	HGNC	HGNC Symbol	HUGO Genome Nomenclature Committee	https://www.genenames.org	1	GCA_000001405.29	Homo sapiens	9606	18	linear	11eeaa801f6b0e2e36a1138616b8ee9a	63320128	196783	63123346	reverse	-1
BMPR2	bone morphogenetic protein receptor type 2	['BMPR-II', 'BMPR3', 'BRK-3', 'PPH1', 'T-ALK']	ENSG00000204217.16	16	ENSG00000204217	Gene	protein_coding	2b5fb047-5992-4dfb-b2fa-1fb4e18d1abb	HGNC:1078	bone morphogenetic protein receptor type 2	https://www.genenames.org/data/gene-symbol-report/#!/hgnc_id/HGNC:1078	HGNC	HGNC Symbol	HUGO Genome Nomenclature Committee	https://www.genenames.org	1	GCA_000001405.29	Homo sapiens	9606	2	linear	4bb4f82880a14111eb7327169ffb729b	202567751	191425	202376327	forward	1
CCND1	cyclin D1	['BCL1', 'D11S287E', 'PRAD1', 'U21B31']	ENSG00000110092.4	4	ENSG00000110092	Gene	protein_coding	2b5fb047-5992-4dfb-b2fa-1fb4e18d1abb	HGNC:1582	cyclin D1	https://www.genenames.org/data/gene-symbol-report/#!/hgnc_id/HGNC:1582	HGNC	HGNC Symbol	HUGO Genome Nomenclature Committee	https://www.genenames.org	1	GCA_000001405.29	Homo sapiens	9606	11	linear	1511375dc2dd1b633af8cf439ae90cec	69654474	13319	69641156	forward	1
CCR5	C-C motif chemokine receptor 5	['CC-CKR-5', 'CD195', 'CKR-5', 'CKR5', 'CMKBR5', 'IDDM22']	ENSG00000160791.14	14	ENSG00000160791	Gene	protein_coding	2b5fb047-5992-4dfb-b2fa-1fb4e18d1abb	HGNC:1606	C-C motif chemokine receptor 5	https://www.genenames.org/data/gene-symbol-report/#!/hgnc_id/HGNC:1606	HGNC	HGNC Symbol	HUGO Genome Nomenclature Committee	https://www.genenames.org	1	GCA_000001405.29	Homo sapiens	9606	3	linear	a48af509898d3736ba95dc0912c0b461	46376206	5261	46370946	forward	1
CD4	CD4 molecule	['LEU-3', 'T4']	ENSG00000010610.10	10	ENSG00000010610	Gene	protein_coding	2b5fb047-5992-4dfb-b2fa-1fb4e18d1abb	HGNC:1678	CD4 molecule	https://www.genenames.org/data/gene-symbol-report/#!/hgnc_id/HGNC:1678	HGNC	HGNC Symbol	HUGO Genome Nomenclature Committee	https://www.genenames.org	1	GCA_000001405.29	Homo sapiens	9606	12	linear	e81e16d3f44337034695a29b97708fce	6820799	33942	6786858	forward	1
CD8A	CD8 subunit alpha	['CD8', 'CD8ALPHA', 'P32']	ENSG00000153563.17	17	ENSG00000153563	Gene	protein_coding	2b5fb047-5992-4dfb-b2fa-1fb4e18d1abb	HGNC:1706	CD8 subunit alpha	https://www.genenames.org/data/gene-symbol-report/#!/hgnc_id/HGNC:1706	HGNC	HGNC Symbol	HUGO Genome Nomenclature Committee	https://www.genenames.org	1	GCA_000001405.29	Homo sapiens	9606	2	linear	4bb4f82880a14111eb7327169ffb729b	86808396	23787	86784610	reverse	-1
CHEK2	checkpoint kinase 2	['BA444G7', 'CDS1', 'CHK2', 'HUCDS1', 'PP1425', 'RAD53']	ENSG00000183765.24	24	ENSG00000183765	Gene	protein_coding	2b5fb047-5992-4dfb-b2fa-1fb4e18d1abb	HGNC:16627	checkpoint kinase 2	https://www.genenames.org/data/gene-symbol-report/#!/hgnc_id/HGNC:16627	HGNC	HGNC Symbol	HUGO Genome Nomenclature Committee	https://www.genenames.org	1	GCA_000001405.29	Homo sapiens	9606	22	linear	221733a2a15e2de66d33e73d126c5109	28742422	54680	28687743	reverse	-1
COL1A1	collagen type I alpha 1 chain	['OI4']	ENSG00000108821.14	14	ENSG00000108821	Gene	protein_coding	2b5fb047-5992-4dfb-b2fa-1fb4e18d1abb	HGNC:2197	collagen type I alpha 1 chain	https://www.genenames.org/data/gene-symbol-report/#!/hgnc_id/HGNC:2197	HGNC	HGNC Symbol	HUGO Genome Nomenclature Committee	https://www.genenames.org	1	GCA_000001405.29	Homo sapiens	9606	17	linear	a8499ca51d6fb77332c2d242923994eb	50201632	17532	50184101	reverse	-1
CRYAA	crystallin alpha A	['CRYA1', 'HSPB4']	ENSG00000160202.8	8	ENSG00000160202	Gene	protein_coding	2b5fb047-5992-4dfb-b2fa-1fb4e18d1abb	HGNC:2388	crystallin alpha A	https://www.genenames.org/data/gene-symbol-report/#!/hgnc_id/HGNC:2388	HGNC	HGNC Symbol	HUGO Genome Nomenclature Committee	https://www.genenames.org	1	GCA_000001405.29	Homo sapiens	9606	21	linear	2f45a3455007b7e271509161e52954a9	43172810	3803	43169008	forward	1
CSF1R	colony stimulating factor 1 receptor	['C-FMS', 'CD115', 'CSFR', 'FMS']	ENSG00000182578.14	14	ENSG00000182578	Gene	protein_coding	2b5fb047-5992-4dfb-b2fa-1fb4e18d1abb	HGNC:2433	colony stimulating factor 1 receptor	https://www.genenames.org/data/gene-symbol-report/#!/hgnc_id/HGNC:2433	HGNC	HGNC Symbol	HUGO Genome Nomenclature Committee	https://www.genenames.org	1	GCA_000001405.29	Homo sapiens	9606	5	linear	f7f05fb7ceea78cbc32ce652c540ff2d	150113372	60082	150053291	reverse	-1
CTSD	cathepsin D	['CLN10', 'CPSD']	ENSG00000117984.15	15	ENSG00000117984	Gene	protein_coding	2b5fb047-5992-4dfb-b2fa-1fb4e18d1abb	HGNC:2529	cathepsin D	https://www.genenames.org/data/gene-symbol-report/#!/hgnc_id/HGNC:2529	HGNC	HGNC Symbol	HUGO Genome Nomenclature Committee	https://www.genenames.org	1	GCA_000001405.29	Homo sapiens	9606	11	linear	1511375dc2dd1b633af8cf439ae90cec	1764573	11822	1752752	reverse	-1
CYCS	cytochrome c, somatic	['CYC', 'HCS']	ENSG00000172115.9	9	ENSG00000172115	Gene	protein_coding	2b5fb047-5992-4dfb-b2fa-1fb4e18d1abb	HGNC:19986	cytochrome c, somatic	https://www.genenames.org/data/gene-symbol-report/#!/hgnc_id/HGNC:19986	HGNC	HGNC Symbol	HUGO Genome Nomenclature Committee	https://www.genenames.org	1	GCA_000001405.29	Homo sapiens	9606	7	linear	94eef2b96fd5a7c8db162c8c74378039	25125260	6605	25118656	reverse	-1
DAXX	death domain associated protein	['DAP6']	ENSG00000206279.10	10	ENSG00000206279	Gene	protein_coding	2b5fb047-5992-4dfb-b2fa-1fb4e18d1abb	HGNC:2681	death domain associated protein	https://www.genenames.org/data/gene-symbol-report/#!/hgnc_id/HGNC:2681	HGNC	HGNC Symbol	HUGO Genome Nomenclature Committee	https://www.genenames.org	1	GCA_000001405.29	Homo sapiens	9606	HSCHR6_MHC_QBL_CTG1	linear	bceeb4190283066a6d0891562b41d164	4523698	10712	4512987	reverse	-1
DAXX	death domain associated protein	['DAP6']	ENSG00000227046.8	8	ENSG00000227046	Gene	protein_coding	2b5fb047-5992-4dfb-b2fa-1fb4e18d1abb	HGNC:2681	death domain associated protein	https://www.genenames.org/data/gene-symbol-report/#!/hgnc_id/HGNC:2681	HGNC	HGNC Symbol	HUGO Genome Nomenclature Committee	https://www.genenames.org	1	GCA_000001405.29	Homo sapiens	9606	HSCHR6_MHC_COX_CTG1	linear	e51d466e4a702acf3c9c5ffdc1ee0c51	4740754	10712	4730043	reverse	-1
DAXX	death domain associated protein	['DAP6']	ENSG00000206206.11	11	ENSG00000206206	Gene	protein_coding	2b5fb047-5992-4dfb-b2fa-1fb4e18d1abb	HGNC:2681	death domain associated protein	https://www.genenames.org/data/gene-symbol-report/#!/hgnc_id/HGNC:2681	HGNC	HGNC Symbol	HUGO Genome Nomenclature Committee	https://www.genenames.org	1	GCA_000001405.29	Homo sapiens	9606	HSCHR6_MHC_DBB_CTG1	linear	0c2ee784f397289b1713ad133fd93d39	4572783	10711	4562073	reverse	-1
DAXX	death domain associated protein	['DAP6']	ENSG00000204209.13	13	ENSG00000204209	Gene	protein_coding	2b5fb047-5992-4dfb-b2fa-1fb4e18d1abb	HGNC:2681	death domain associated protein	https://www.genenames.org/data/gene-symbol-report/#!/hgnc_id/HGNC:2681	HGNC	HGNC Symbol	HUGO Genome Nomenclature Committee	https://www.genenames.org	1	GCA_000001405.29	Homo sapiens	9606	6	linear	6a48dfa97e854e3c6f186c8ff973f7dd	33323016	4459	33318558	reverse	-1
DAXX	death domain associated protein	['DAP6']	ENSG00000231617.8	8	ENSG00000231617	Gene	protein_coding	2b5fb047-5992-4dfb-b2fa-1fb4e18d1abb	HGNC:2681	death domain associated protein	https://www.genenames.org/data/gene-symbol-report/#!/hgnc_id/HGNC:2681	HGNC	HGNC Symbol	HUGO Genome Nomenclature Committee	https://www.genenames.org	1	GCA_000001405.29	Homo sapiens	9606	HSCHR6_MHC_MCF_CTG1	linear	ad357767de6beef959952d39200522ea	4765202	10710	4754493	reverse	-1
DAXX	death domain associated protein	['DAP6']	ENSG00000229396.1	1	ENSG00000229396	Gene	lncRNA	2b5fb047-5992-4dfb-b2fa-1fb4e18d1abb	HGNC:2681	death domain associated protein	https://www.genenames.org/data/gene-symbol-report/#!/hgnc_id/HGNC:2681	HGNC	HGNC Symbol	HUGO Genome Nomenclature Committee	https://www.genenames.org	1	GCA_000001405.29	Homo sapiens	9606	HSCHR6_MHC_SSTO_CTG1	linear	a80b1b3c21ac7e7b7acf75178ae3d83c	4777956	283	4777674	reverse	-1
DDX3X	DEAD-box helicase 3 X-linked	['CAP-RF', 'DBX', 'DDX14', 'DDX3', 'HLP2']	ENSG00000215301.11	11	ENSG00000215301	Gene	protein_coding	2b5fb047-5992-4dfb-b2fa-1fb4e18d1abb	HGNC:2745	DEAD-box helicase 3 X-linked	https://www.genenames.org/data/gene-symbol-report/#!/hgnc_id/HGNC:2745	HGNC	HGNC Symbol	HUGO Genome Nomenclature Committee	https://www.genenames.org	1	GCA_000001405.29	Homo sapiens	9606	X	linear	49527016a48497d9d1cbd8e4a9049bd3	41364472	31125	41333348	forward	1
DES	desmin	['CMD1I', 'CSM1', 'CSM2', 'LGMD2R']	ENSG00000175084.13	13	ENSG00000175084	Gene	protein_coding	2b5fb047-5992-4dfb-b2fa-1fb4e18d1abb	HGNC:2770	desmin	https://www.genenames.org/data/gene-symbol-report/#!/hgnc_id/HGNC:2770	HGNC	HGNC Symbol	HUGO Genome Nomenclature Committee	https://www.genenames.org	1	GCA_000001405.29	Homo sapiens	9606	2	linear	4bb4f82880a14111eb7327169ffb729b	219426735	8359	219418377	forward	1
DHFR	dihydrofolate reductase	['DHFR1']	ENSG00000228716.7	7	ENSG00000228716	Gene	protein_coding	2b5fb047-5992-4dfb-b2fa-1fb4e18d1abb	HGNC:2861	dihydrofolate reductase	https://www.genenames.org/data/gene-symbol-report/#!/hgnc_id/HGNC:2861	HGNC	HGNC Symbol	HUGO Genome Nomenclature Committee	https://www.genenames.org	1	GCA_000001405.29	Homo sapiens	9606	5	linear	f7f05fb7ceea78cbc32ce652c540ff2d	80654983	28758	80626226	reverse	-1
EGF	epidermal growth factor	[]	ENSG00000138798.13	13	ENSG00000138798	Gene	protein_coding	2b5fb047-5992-4dfb-b2fa-1fb4e18d1abb	HGNC:3229	epidermal growth factor	https://www.genenames.org/data/gene-symbol-report/#!/hgnc_id/HGNC:3229	HGNC	HGNC Symbol	HUGO Genome Nomenclature Committee	https://www.genenames.org	1	GCA_000001405.29	Homo sapiens	9606	4	linear	3210fecf1eb92d5489da4346b3fddc6e	110013766	100884	109912883	forward	1
EIF2AK3	eukaryotic translation initiation factor 2 alpha kinase 3	['PEK', 'PERK']	ENSG00000172071.15	15	ENSG00000172071	Gene	protein_coding	2b5fb047-5992-4dfb-b2fa-1fb4e18d1abb	HGNC:3255	eukaryotic translation initiation factor 2 alpha kinase 3	https://www.genenames.org/data/gene-symbol-report/#!/hgnc_id/HGNC:3255	HGNC	HGNC Symbol	HUGO Genome Nomenclature Committee	https://www.genenames.org	1	GCA_000001405.29	Homo sapiens	9606	2	linear	4bb4f82880a14111eb7327169ffb729b	88691518	134778	88556741	reverse	-1
ELN	elastin	['SVAS', 'WBS', 'WS']	ENSG00000049540.19	19	ENSG00000049540	Gene	protein_coding	2b5fb047-5992-4dfb-b2fa-1fb4e18d1abb	HGNC:3327	elastin	https://www.genenames.org/data/gene-symbol-report/#!/hgnc_id/HGNC:3327	HGNC	HGNC Symbol	HUGO Genome Nomenclature Committee	https://www.genenames.org	1	GCA_000001405.29	Homo sapiens	9606	7	linear	94eef2b96fd5a7c8db162c8c74378039	74069907	42119	74027789	forward	1
ENG	endoglin	['CD105', 'END', 'HHT1', 'ORW', 'ORW1']	ENSG00000106991.15	15	ENSG00000106991	Gene	protein_coding	2b5fb047-5992-4dfb-b2fa-1fb4e18d1abb	HGNC:3349	endoglin	https://www.genenames.org/data/gene-symbol-report/#!/hgnc_id/HGNC:3349	HGNC	HGNC Symbol	HUGO Genome Nomenclature Committee	https://www.genenames.org	1	GCA_000001405.29	Homo sapiens	9606	9	linear	addd2795560986b7491c40b1faa3978a	127854773	43644	127811130	reverse	-1
ERBB2	erb-b2 receptor tyrosine kinase 2	['C-ERB-2', 'C-ERB2', 'CD340', 'HER-2', 'HER2', 'MLN-19', 'NEU', 'NGL', 'P185(ERBB2)']	ENSG00000141736.14	14	ENSG00000141736	Gene	protein_coding	2b5fb047-5992-4dfb-b2fa-1fb4e18d1abb	HGNC:3430	erb-b2 receptor tyrosine kinase 2	https://www.genenames.org/data/gene-symbol-report/#!/hgnc_id/HGNC:3430	HGNC	HGNC Symbol	HUGO Genome Nomenclature Committee	https://www.genenames.org	1	GCA_000001405.29	Homo sapiens	9606	17	linear	a8499ca51d6fb77332c2d242923994eb	39730426	42513	39687914	forward	1
FAS	Fas cell surface death receptor	['APO-1', 'APT1', 'CD95', 'FAS1', 'TNFRSF6']	ENSG00000026103.25	25	ENSG00000026103	Gene	protein_coding	2b5fb047-5992-4dfb-b2fa-1fb4e18d1abb	HGNC:11920	Fas cell surface death receptor	https://www.genenames.org/data/gene-symbol-report/#!/hgnc_id/HGNC:11920	HGNC	HGNC Symbol	HUGO Genome Nomenclature Committee	https://www.genenames.org	1	GCA_000001405.29	Homo sapiens	9606	10	linear	907112d17fcb73bcab1ed1c72b97ce68	89029605	75793	88953813	forward	1
FBN1	fibrillin 1	['FBN', 'MASS', 'MFS1', 'OCTD', 'SGS', 'WMS']	ENSG00000166147.16	16	ENSG00000166147	Gene	protein_coding	2b5fb047-5992-4dfb-b2fa-1fb4e18d1abb	HGNC:3603	fibrillin 1	https://www.genenames.org/data/gene-symbol-report/#!/hgnc_id/HGNC:3603	HGNC	HGNC Symbol	HUGO Genome Nomenclature Committee	https://www.genenames.org	1	GCA_000001405.29	Homo sapiens	9606	15	linear	f036bd11158407596ca6bf3581454706	48645721	237409	48408313	reverse	-1
FGFR2	fibroblast growth factor receptor 2	['BEK', 'CD332', 'CEK3', 'CFD1', 'ECT1', 'JWS', 'K-SAM', 'KGFR', 'TK14', 'TK25']	ENSG00000066468.24	24	ENSG00000066468	Gene	protein_coding	2b5fb047-5992-4dfb-b2fa-1fb4e18d1abb	HGNC:3689	fibroblast growth factor receptor 2	https://www.genenames.org/data/gene-symbol-report/#!/hgnc_id/HGNC:3689	HGNC	HGNC Symbol	HUGO Genome Nomenclature Committee	https://www.genenames.org	1	GCA_000001405.29	Homo sapiens	9606	10	linear	907112d17fcb73bcab1ed1c72b97ce68	121598458	120127	121478332	reverse	-1
GATA3	GATA binding protein 3	['HDR']	ENSG00000107485.18	18	ENSG00000107485	Gene	protein_coding	2b5fb047-5992-4dfb-b2fa-1fb4e18d1abb	HGNC:4172	GATA binding protein 3	https://www.genenames.org/data/gene-symbol-report/#!/hgnc_id/HGNC:4172	HGNC	HGNC Symbol	HUGO Genome Nomenclature Committee	https://www.genenames.org	1	GCA_000001405.29	Homo sapiens	9606	10	linear	907112d17fcb73bcab1ed1c72b97ce68	8075198	29821	8045378	forward	1
GCK	glucokinase	['HK4', 'MODY2']	ENSG00000106633.18	18	ENSG00000106633	Gene	protein_coding	2b5fb047-5992-4dfb-b2fa-1fb4e18d1abb	HGNC:4195	glucokinase	https://www.genenames.org/data/gene-symbol-report/#!/hgnc_id/HGNC:4195	HGNC	HGNC Symbol	HUGO Genome Nomenclature Committee	https://www.genenames.org	1	GCA_000001405.29	Homo sapiens	9606	7	linear	94eef2b96fd5a7c8db162c8c74378039	44198170	54958	44143213	reverse	-1
GSR	glutathione-disulfide reductase	[]	ENSG00000104687.14	14	ENSG00000104687	Gene	protein_coding	2b5fb047-5992-4dfb-b2fa-1fb4e18d1abb	HGNC:4623	glutathione-disulfide reductase	https://www.genenames.org/data/gene-symbol-report/#!/hgnc_id/HGNC:4623	HGNC	HGNC Symbol	HUGO Genome Nomenclature Committee	https://www.genenames.org	1	GCA_000001405.29	Homo sapiens	9606	8	linear	c67955b5f7815a9a1edfaa15893d3616	30727846	49781	30678066	reverse	-1
HIF1A	hypoxia inducible factor 1 subunit alpha	['BHLHE78', 'HIF-1ALPHA', 'HIF1', 'MOP1', 'PASD8']	ENSG00000100644.17	17	ENSG00000100644	Gene	protein_coding	2b5fb047-5992-4dfb-b2fa-1fb4e18d1abb	HGNC:4910	hypoxia inducible factor 1 subunit alpha	https://www.genenames.org/data/gene-symbol-report/#!/hgnc_id/HGNC:4910	HGNC	HGNC Symbol	HUGO Genome Nomenclature Committee	https://www.genenames.org	1	GCA_000001405.29	Homo sapiens	9606	14	linear	acbd9552c059d9b403e75ed26c1ce5bc	61748259	52747	61695513	forward	1
HP	haptoglobin	[]	ENSG00000257017.10	10	ENSG00000257017	Gene	protein_coding	2b5fb047-5992-4dfb-b2fa-1fb4e18d1abb	HGNC:5141	haptoglobin	https://www.genenames.org/data/gene-symbol-report/#!/hgnc_id/HGNC:5141	HGNC	HGNC Symbol	HUGO Genome Nomenclature Committee	https://www.genenames.org	1	GCA_000001405.29	Homo sapiens	9606	16	linear	24e7cabfba3548a2bb4dff582b9ee870	72061055	6551	72054505	forward	1
JAG1	jagged canonical Notch ligand 1	['AGS', 'AHD', 'AWS', 'CD339', 'HJ1', 'JAGL1']	ENSG00000101384.12	12	ENSG00000101384	Gene	protein_coding	2b5fb047-5992-4dfb-b2fa-1fb4e18d1abb	HGNC:6188	jagged canonical Notch ligand 1	https://www.genenames.org/data/gene-symbol-report/#!/hgnc_id/HGNC:6188	HGNC	HGNC Symbol	HUGO Genome Nomenclature Committee	https://www.genenames.org	1	GCA_000001405.29	Homo sapiens	9606	20	linear	b18e6c531b0bd70e949a7fc20859cb01	10673999	36316	10637684	reverse	-1
TTN	titin	['CMD1G', 'CMH9', 'CMPD4', 'FLJ32040', 'LGMD2J', 'MYLK5', 'TMD']	ENSG00000155657.29	29	ENSG00000155657	Gene	protein_coding	2b5fb047-5992-4dfb-b2fa-1fb4e18d1abb	HGNC:12403	titin	https://www.genenames.org/data/gene-symbol-report/#!/hgnc_id/HGNC:12403	HGNC	HGNC Symbol	HUGO Genome Nomenclature Committee	https://www.genenames.org	1	GCA_000001405.29	Homo sapiens	9606	2	linear	4bb4f82880a14111eb7327169ffb729b	178830802	304814	178525989	reverse	-1
mRpS25	mitochondrial ribosomal protein S25	[]	GeneID_732897		GeneID_732897	Gene	protein_coding	d920ae04-8caf-4dac-9ed3-d4e7326327e1	mRpS25		https://metazoa.ensembl.org/id/mRpS25	Ensembl_Metazoa	Ensembl Metazoa	Enzembl Metazoa at EBI	https://metazoa.ensembl.org/		GCF_030269925.1	Bombyx mori	7091	NC_085132.1	linear	36a876d0c273159cbd3e8786b8db10d0	3092964	1614	3091351	forward	1
JAG1	jagged canonical Notch ligand 1	[]	ENSBTAG00070018724.1	1	ENSBTAG00070018724	Gene	protein_coding	8c31359e-d624-4635-860e-9a92cde3dac2	HGNC:6188	jagged canonical Notch ligand 1	https://www.genenames.org/data/gene-symbol-report/#!/hgnc_id/HGNC:6188	HGNC	HGNC Symbol	HUGO Genome Nomenclature Committee	https://www.genenames.org		GCA_002263795.4	Bos taurus	9913	13	linear	1dcc2623395d647b5bbfa603b8c9a698	3984202	44394	3939809	reverse	-1
JAG1	jagged canonical Notch ligand 1	[]	ENSBTAG00070015195.1	1	ENSBTAG00070015195	Gene	protein_coding	8c31359e-d624-4635-860e-9a92cde3dac2	HGNC:6188	jagged canonical Notch ligand 1	https://www.genenames.org/data/gene-symbol-report/#!/hgnc_id/HGNC:6188	HGNC	HGNC Symbol	HUGO Genome Nomenclature Committee	https://www.genenames.org		GCA_002263795.4	Bos taurus	9913	7	linear	a5ec5be4666bc8482752c5c464dcc8a8	17633296	76068	17557229	reverse	-1
HSPA13	heat shock protein family A (Hsp70) member 13	[]	ENSBTAG00000012908.5	5	ENSBTAG00000012908	Gene	protein_coding	0b73cd78-65a8-479e-9c61-87ad64e4a81c	HGNC:11375	heat shock protein family A (Hsp70) member 13	https://www.genenames.org/data/gene-symbol-report/#!/hgnc_id/HGNC:11375	HGNC	HGNC Symbol	HUGO Genome Nomenclature Committee	https://www.genenames.org		GCA_002263795.3	Bos taurus	9913	1	linear	9f1e20f56671ea323b75f6a3356048bb	22794051	10133	22783919	forward	1
RIPOR1	RHO family interacting cell polarization regulator 1	[]	LOC122369632		LOC122369632	Gene	protein_coding	195ca575-8bae-4d58-a594-a0a0fb9e70aa	HGNC:25836	RHO family interacting cell polarization regulator 1	https://www.genenames.org/data/gene-symbol-report/#!/hgnc_id/HGNC:25836	HGNC	HGNC Symbol	HUGO Genome Nomenclature Committee	https://www.genenames.org		GCF_019059575.1	Amphibalanus amphitrite	1232801	JAHNUP010001054.1	linear	b74c674e3388796d08f873101a9bd131	188996	64214	124783	forward	1
RIPOR1	RHO family interacting cell polarization regulator 1	[]	LOC122371478		LOC122371478	Gene	protein_coding	195ca575-8bae-4d58-a594-a0a0fb9e70aa	HGNC:25836	RHO family interacting cell polarization regulator 1	https://www.genenames.org/data/gene-symbol-report/#!/hgnc_id/HGNC:25836	HGNC	HGNC Symbol	HUGO Genome Nomenclature Committee	https://www.genenames.org		GCF_019059575.1	Amphibalanus amphitrite	1232801	JAHNUP010001244.1	linear	fb8cca347fdda264b0c2056536cec68c	178766	35558	143209	forward	1
Actb	actin, beta	['A-X actin-like protein', 'Actx', 'beta-actin', 'E430023M04Rik']	ENSMUSG00000029580.15	15	ENSMUSG00000029580	Gene	protein_coding	ce9c01fe-1d5c-4fea-a96a-b8eb3c3586f4	MGI:87904	actin, beta	http://www.informatics.jax.org/accession/MGI:87904	MGI	MGI Symbol	Mouse Genome Informatics Database	http://www.informatics.jax.org/		GCA_000001635.9	Mus musculus	10090	5	linear	ded8e8ee2aae6a3e8c081e1a7c2e7c26	142892509	3640	142888870	reverse	-1
Gapdh	glyceraldehyde-3-phosphate dehydrogenase	['Gapd']	ENSMUSG00000057666.19	19	ENSMUSG00000057666	Gene	protein_coding	ce9c01fe-1d5c-4fea-a96a-b8eb3c3586f4	MGI:95640	glyceraldehyde-3-phosphate dehydrogenase	http://www.informatics.jax.org/accession/MGI:95640	MGI	MGI Symbol	Mouse Genome Informatics Database	http://www.informatics.jax.org/		GCA_000001635.9	Mus musculus	10090	6	linear	314397656eb3d25aaa70d407df67c6a8	125143430	4753	125138678	reverse	-1
Pparg	peroxisome proliferator activated receptor gamma	['Nr1c3', 'PPAR-gamma', 'Ppar-gamma2', 'PPARgamma', 'PPARgamma2']	ENSMUSG00000000440.13	13	ENSMUSG00000000440	Gene	protein_coding	ce9c01fe-1d5c-4fea-a96a-b8eb3c3586f4	MGI:97747	peroxisome proliferator activated receptor gamma	http://www.informatics.jax.org/accession/MGI:97747	MGI	MGI Symbol	Mouse Genome Informatics Database	http://www.informatics.jax.org/		GCA_000001635.9	Mus musculus	10090	6	linear	314397656eb3d25aaa70d407df67c6a8	115467360	129449	115337912	forward	1
Tbp	TATA box binding protein	['Gtf2d']	ENSMUSG00000014767.18	18	ENSMUSG00000014767	Gene	protein_coding	ce9c01fe-1d5c-4fea-a96a-b8eb3c3586f4	MGI:101838	TATA box binding protein	http://www.informatics.jax.org/accession/MGI:101838	MGI	MGI Symbol	Mouse Genome Informatics Database	http://www.informatics.jax.org/		GCA_000001635.9	Mus musculus	10090	17	linear	ca46671b6cafa344dddca2e6b0db0991	15748641	28492	15720150	forward	1
B2m	beta-2 microglobulin	['beta 2 microglobulin', 'beta2-m', 'Ly-m11']	ENSMUSG00000060802.9	9	ENSMUSG00000060802	Gene	protein_coding	ce9c01fe-1d5c-4fea-a96a-b8eb3c3586f4	MGI:88127	beta-2 microglobulin	http://www.informatics.jax.org/accession/MGI:88127	MGI	MGI Symbol	Mouse Genome Informatics Database	http://www.informatics.jax.org/		GCA_000001635.9	Mus musculus	10090	2	linear	08bc6a9988099d0d4cc457341933249a	121983564	5398	121978167	forward	1
H2-Ab1	histocompatibility 2, class II antigen A, beta 1	['A beta', 'Abeta', 'H-2Ab', 'H2-Ab', 'I-A<b>', 'I-Abeta', 'Ia-2', 'Ia2', 'IAb', 'Rmcs1']	ENSMUSG00000073421.7	7	ENSMUSG00000073421	Gene	protein_coding	ce9c01fe-1d5c-4fea-a96a-b8eb3c3586f4	MGI:103070	histocompatibility 2, class II antigen A, beta 1	http://www.informatics.jax.org/accession/MGI:103070	MGI	MGI Symbol	Mouse Genome Informatics Database	http://www.informatics.jax.org/		GCA_000001635.9	Mus musculus	10090	17	linear	ca46671b6cafa344dddca2e6b0db0991	34488393	11731	34476663	forward	1
Cd4	CD4 antigen	['L3T4', 'Ly-4']	ENSMUSG00000023274.15	15	ENSMUSG00000023274	Gene	protein_coding	ce9c01fe-1d5c-4fea-a96a-b8eb3c3586f4	MGI:88335	CD4 antigen	http://www.informatics.jax.org/accession/MGI:88335	MGI	MGI Symbol	Mouse Genome Informatics Database	http://www.informatics.jax.org/		GCA_000001635.9	Mus musculus	10090	6	linear	314397656eb3d25aaa70d407df67c6a8	124865184	23530	124841655	reverse	-1
Cd8a	CD8 subunit alpha	['Ly-2', 'Ly-35', 'Ly-B', 'Lyt-2']	ENSMUSG00000053977.14	14	ENSMUSG00000053977	Gene	protein_coding	ce9c01fe-1d5c-4fea-a96a-b8eb3c3586f4	MGI:88346	CD8 subunit alpha	http://www.informatics.jax.org/accession/MGI:88346	MGI	MGI Symbol	Mouse Genome Informatics Database	http://www.informatics.jax.org/		GCA_000001635.9	Mus musculus	10090	6	linear	314397656eb3d25aaa70d407df67c6a8	71356157	5747	71350411	forward	1
Ifng	interferon gamma	['Ifg', 'IFN-gamma']	ENSMUSG00000055170.5	5	ENSMUSG00000055170	Gene	protein_coding	ce9c01fe-1d5c-4fea-a96a-b8eb3c3586f4	MGI:107656	interferon gamma	http://www.informatics.jax.org/accession/MGI:107656	MGI	MGI Symbol	Mouse Genome Informatics Database	http://www.informatics.jax.org/		GCA_000001635.9	Mus musculus	10090	10	linear	cc1e9a05f16cacc4955f56bd0f579267	118281797	4847	118276951	forward	1
Il6	interleukin 6	['Il-6']	ENSMUSG00000025746.12	12	ENSMUSG00000025746	Gene	protein_coding	ce9c01fe-1d5c-4fea-a96a-b8eb3c3586f4	MGI:96559	interleukin 6	http://www.informatics.jax.org/accession/MGI:96559	MGI	MGI Symbol	Mouse Genome Informatics Database	http://www.informatics.jax.org/		GCA_000001635.9	Mus musculus	10090	5	linear	ded8e8ee2aae6a3e8c081e1a7c2e7c26	30224979	6868	30218112	forward	1
Tnf	tumor necrosis factor	['DIF', 'TNF alpha', 'TNF-alpha', 'Tnfa', 'TNFalpha', 'Tnfsf1a', 'tumor necrosis factor-alpha']	ENSMUSG00000024401.15	15	ENSMUSG00000024401	Gene	protein_coding	ce9c01fe-1d5c-4fea-a96a-b8eb3c3586f4	MGI:104798	tumor necrosis factor	http://www.informatics.jax.org/accession/MGI:104798	MGI	MGI Symbol	Mouse Genome Informatics Database	http://www.informatics.jax.org/		GCA_000001635.9	Mus musculus	10090	17	linear	ca46671b6cafa344dddca2e6b0db0991	35420983	2627	35418357	reverse	-1
Egfr	epidermal growth factor receptor	['9030024J15Rik', 'avian erythroblastic leukemia viral (v-erb-b) oncogene homolog', 'Erbb', 'Errb1', 'Wa5']	ENSMUSG00000020122.17	17	ENSMUSG00000020122	Gene	protein_coding	ce9c01fe-1d5c-4fea-a96a-b8eb3c3586f4	MGI:95294	epidermal growth factor receptor	http://www.informatics.jax.org/accession/MGI:95294	MGI	MGI Symbol	Mouse Genome Informatics Database	http://www.informatics.jax.org/		GCA_000001635.9	Mus musculus	10090	11	linear	227171e89d468ee817a7fb0ccaba38cd	16868158	165956	16702203	forward	1
Fgfr1	fibroblast growth factor receptor 1	['Eask', 'Fgfr-1', 'FGFR-I', 'Flt-2', 'Fr1', 'Hspy']	ENSMUSG00000031565.20	20	ENSMUSG00000031565	Gene	protein_coding	ce9c01fe-1d5c-4fea-a96a-b8eb3c3586f4	MGI:95522	fibroblast growth factor receptor 1	http://www.informatics.jax.org/accession/MGI:95522	MGI	MGI Symbol	Mouse Genome Informatics Database	http://www.informatics.jax.org/		GCA_000001635.9	Mus musculus	10090	8	linear	33a6d892dcc698e5af446bd3cce98d61	26065734	62065	26003670	forward	1
Kras	Kirsten rat sarcoma viral oncogene homolog	['K-ras', 'Ki-ras', 'Kras-2', 'Kras2']	ENSMUSG00000030265.15	15	ENSMUSG00000030265	Gene	protein_coding	ce9c01fe-1d5c-4fea-a96a-b8eb3c3586f4	MGI:96680	Kirsten rat sarcoma viral oncogene homolog	http://www.informatics.jax.org/accession/MGI:96680	MGI	MGI Symbol	Mouse Genome Informatics Database	http://www.informatics.jax.org/		GCA_000001635.9	Mus musculus	10090	6	linear	314397656eb3d25aaa70d407df67c6a8	145195965	33541	145162425	reverse	-1
Nras	neuroblastoma ras oncogene	['N-ras']	ENSMUSG00000027852.15	15	ENSMUSG00000027852	Gene	protein_coding	ce9c01fe-1d5c-4fea-a96a-b8eb3c3586f4	MGI:97376	neuroblastoma ras oncogene	http://www.informatics.jax.org/accession/MGI:97376	MGI	MGI Symbol	Mouse Genome Informatics Database	http://www.informatics.jax.org/		GCA_000001635.9	Mus musculus	10090	3	linear	2399e48fe19b768e0738efcedbc04b7a	102975230	9630	102965601	forward	1
Myc	myelocytomatosis oncogene	['bHLHe39', 'c-myc', 'Myc2', 'Niard', 'Nird']	ENSMUSG00000022346.18	18	ENSMUSG00000022346	Gene	protein_coding	ce9c01fe-1d5c-4fea-a96a-b8eb3c3586f4	MGI:97250	myelocytomatosis oncogene	http://www.informatics.jax.org/accession/MGI:97250	MGI	MGI Symbol	Mouse Genome Informatics Database	http://www.informatics.jax.org/		GCA_000001635.9	Mus musculus	10090	15	linear	99f61c36433d8fc45bd265cffa4be357	61862223	4984	61857240	forward	1
Trp53	transformation related protein 53	['p44', 'p53']	ENSMUSG00000059552.14	14	ENSMUSG00000059552	Gene	protein_coding	ce9c01fe-1d5c-4fea-a96a-b8eb3c3586f4	MGI:98834	transformation related protein 53	http://www.informatics.jax.org/accession/MGI:98834	MGI	MGI Symbol	Mouse Genome Informatics Database	http://www.informatics.jax.org/		GCA_000001635.9	Mus musculus	10090	11	linear	227171e89d468ee817a7fb0ccaba38cd	69482699	11515	69471185	forward	1
Stat3	signal transducer and activator of transcription 3	['1110034C02Rik', 'Aprf']	ENSMUSG00000004040.17	17	ENSMUSG00000004040	Gene	protein_coding	ce9c01fe-1d5c-4fea-a96a-b8eb3c3586f4	MGI:103038	signal transducer and activator of transcription 3	http://www.informatics.jax.org/accession/MGI:103038	MGI	MGI Symbol	Mouse Genome Informatics Database	http://www.informatics.jax.org/		GCA_000001635.9	Mus musculus	10090	11	linear	227171e89d468ee817a7fb0ccaba38cd	100830366	54443	100775924	reverse	-1
Jak2	Janus kinase 2	['C81284']	ENSMUSG00000024789.14	14	ENSMUSG00000024789	Gene	protein_coding	ce9c01fe-1d5c-4fea-a96a-b8eb3c3586f4	MGI:96629	Janus kinase 2	http://www.informatics.jax.org/accession/MGI:96629	MGI	MGI Symbol	Mouse Genome Informatics Database	http://www.informatics.jax.org/		GCA_000001635.9	Mus musculus	10090	19	linear	96b19db237dfb928d0695a3b366acf40	29290480	61253	29229228	forward	1
Mapk1	mitogen-activated protein kinase 1	['9030612K14Rik', 'Erk2', 'MAPK2', 'p42mapk', 'Prkm1']	ENSMUSG00000063358.18	18	ENSMUSG00000063358	Gene	protein_coding	ce9c01fe-1d5c-4fea-a96a-b8eb3c3586f4	MGI:1346858	mitogen-activated protein kinase 1	http://www.informatics.jax.org/accession/MGI:1346858	MGI	MGI Symbol	Mouse Genome Informatics Database	http://www.informatics.jax.org/		GCA_000001635.9	Mus musculus	10090	16	linear	8d8e220195ef6f4b400548600131d0d6	16865317	64072	16801246	forward	1
Akt1	thymoma viral proto-oncogene 1	['Akt', 'PKB', 'PKB/Akt', 'PKBalpha']	ENSMUSG00000001729.15	15	ENSMUSG00000001729	Gene	protein_coding	ce9c01fe-1d5c-4fea-a96a-b8eb3c3586f4	MGI:87986	thymoma viral proto-oncogene 1	http://www.informatics.jax.org/accession/MGI:87986	MGI	MGI Symbol	Mouse Genome Informatics Database	http://www.informatics.jax.org/		GCA_000001635.9	Mus musculus	10090	12	linear	b0f91aa89b888e3c1f29263818b02210	112641318	21064	112620255	reverse	-1
Ctnnb1	catenin beta 1	['beta catenin', 'beta-catenin', 'catenin (cadherin associated protein), beta 1', 'Catnb']	ENSMUSG00000006932.18	18	ENSMUSG00000006932	Gene	protein_coding	ce9c01fe-1d5c-4fea-a96a-b8eb3c3586f4	MGI:88276	catenin beta 1	http://www.informatics.jax.org/accession/MGI:88276	MGI	MGI Symbol	Mouse Genome Informatics Database	http://www.informatics.jax.org/		GCA_000001635.9	Mus musculus	10090	9	linear	dce50387ea191577d2f47408be52d093	120789573	31292	120758282	forward	1
Vegfa	vascular endothelial growth factor A	['Vegf', 'VEGF-A', 'VEGF120', 'VEGF164', 'VEGF188', 'VPF']	ENSMUSG00000023951.19	19	ENSMUSG00000023951	Gene	protein_coding	ce9c01fe-1d5c-4fea-a96a-b8eb3c3586f4	MGI:103178	vascular endothelial growth factor A	http://www.informatics.jax.org/accession/MGI:103178	MGI	MGI Symbol	Mouse Genome Informatics Database	http://www.informatics.jax.org/		GCA_000001635.9	Mus musculus	10090	17	linear	ca46671b6cafa344dddca2e6b0db0991	46343295	15377	46327919	reverse	-1
Nos3	nitric oxide synthase 3, endothelial cell	['2310065A03Rik', 'ecNOS', 'eNOS', 'Nos-3']	ENSMUSG00000028978.13	13	ENSMUSG00000028978	Gene	protein_coding	ce9c01fe-1d5c-4fea-a96a-b8eb3c3586f4	MGI:97362	nitric oxide synthase 3, endothelial cell	http://www.informatics.jax.org/accession/MGI:97362	MGI	MGI Symbol	Mouse Genome Informatics Database	http://www.informatics.jax.org/		GCA_000001635.9	Mus musculus	10090	5	linear	ded8e8ee2aae6a3e8c081e1a7c2e7c26	24589472	19665	24569808	forward	1
Ptprc	protein tyrosine phosphatase receptor type C	['B220', 'CD45', 'Ly-5', 'Lyt-4', 'T200']	ENSMUSG00000026395.17	17	ENSMUSG00000026395	Gene	protein_coding	ce9c01fe-1d5c-4fea-a96a-b8eb3c3586f4	MGI:97810	protein tyrosine phosphatase receptor type C	http://www.informatics.jax.org/accession/MGI:97810	MGI	MGI Symbol	Mouse Genome Informatics Database	http://www.informatics.jax.org/		GCA_000001635.9	Mus musculus	10090	1	linear	ebdcb59bd671b01de5a67d9803f500ea	138103446	112848	137990599	reverse	-1
Lrp1	low density lipoprotein receptor-related protein 1	['A2mr', 'b2b1554Clo', 'CD91']	ENSMUSG00000040249.16	16	ENSMUSG00000040249	Gene	protein_coding	ce9c01fe-1d5c-4fea-a96a-b8eb3c3586f4	MGI:96828	low density lipoprotein receptor-related protein 1	http://www.informatics.jax.org/accession/MGI:96828	MGI	MGI Symbol	Mouse Genome Informatics Database	http://www.informatics.jax.org/		GCA_000001635.9	Mus musculus	10090	10	linear	cc1e9a05f16cacc4955f56bd0f579267	127457017	82988	127374030	reverse	-1
Flt1	FMS-like tyrosine kinase 1	['Flt-1', 'sFlt1', 'vascular endothelial growth factor receptor-1', 'VEGFR-1', 'VEGFR1']	ENSMUSG00000029648.14	14	ENSMUSG00000029648	Gene	protein_coding	ce9c01fe-1d5c-4fea-a96a-b8eb3c3586f4	MGI:95558	FMS-like tyrosine kinase 1	http://www.informatics.jax.org/accession/MGI:95558	MGI	MGI Symbol	Mouse Genome Informatics Database	http://www.informatics.jax.org/		GCA_000001635.9	Mus musculus	10090	5	linear	ded8e8ee2aae6a3e8c081e1a7c2e7c26	147662821	164408	147498414	reverse	-1
Tek	TEK receptor tyrosine kinase	['Cd202b', 'Hyk', 'tie-2', 'Tie2']	ENSMUSG00000006386.16	16	ENSMUSG00000006386	Gene	protein_coding	ce9c01fe-1d5c-4fea-a96a-b8eb3c3586f4	MGI:98664	TEK receptor tyrosine kinase	http://www.informatics.jax.org/accession/MGI:98664	MGI	MGI Symbol	Mouse Genome Informatics Database	http://www.informatics.jax.org/		GCA_000001635.9	Mus musculus	10090	4	linear	c998850568fb66c8a0438a521965bf9a	94763213	135688	94627526	forward	1
Cdh1	cadherin 1	['E-cad', 'E-cadherin', 'Ecad', 'L-CAM', 'UM', 'uvomorulin']	ENSMUSG00000000303.14	14	ENSMUSG00000000303	Gene	protein_coding	ce9c01fe-1d5c-4fea-a96a-b8eb3c3586f4	MGI:88354	cadherin 1	http://www.informatics.jax.org/accession/MGI:88354	MGI	MGI Symbol	Mouse Genome Informatics Database	http://www.informatics.jax.org/		GCA_000001635.9	Mus musculus	10090	8	linear	33a6d892dcc698e5af446bd3cce98d61	107396878	66896	107329983	forward	1
Itgb1	integrin beta 1 (fibronectin receptor beta)	['4633401G24Rik', 'beta1 integrin', 'CD29', 'Fnrb', 'Gm9863']	ENSMUSG00000025809.16	16	ENSMUSG00000025809	Gene	protein_coding	ce9c01fe-1d5c-4fea-a96a-b8eb3c3586f4	MGI:96610	integrin beta 1 (fibronectin receptor beta)	http://www.informatics.jax.org/accession/MGI:96610	MGI	MGI Symbol	Mouse Genome Informatics Database	http://www.informatics.jax.org/		GCA_000001635.9	Mus musculus	10090	8	linear	33a6d892dcc698e5af446bd3cce98d61	129459681	47547	129412135	forward	1
Smad3	SMAD family member 3	['Madh3', 'Smad 3']	ENSMUSG00000032402.13	13	ENSMUSG00000032402	Gene	protein_coding	ce9c01fe-1d5c-4fea-a96a-b8eb3c3586f4	MGI:1201674	SMAD family member 3	http://www.informatics.jax.org/accession/MGI:1201674	MGI	MGI Symbol	Mouse Genome Informatics Database	http://www.informatics.jax.org/		GCA_000001635.9	Mus musculus	10090	9	linear	dce50387ea191577d2f47408be52d093	63665276	111228	63554049	reverse	-1
