genome_id,symbol
2b5fb047-5992-4dfb-b2fa-1fb4e18d1abb,BRCA2 
2b5fb047-5992-4dfb-b2fa-1fb4e18d1abb,A1BG
2b5fb047-5992-4dfb-b2fa-1fb4e18d1abb,A2M
2b5fb047-5992-4dfb-b2fa-1fb4e18d1abb,ABL1
2b5fb047-5992-4dfb-b2fa-1fb4e18d1abb,ACTB
2b5fb047-5992-4dfb-b2fa-1fb4e18d1abb,AKT1
2b5fb047-5992-4dfb-b2fa-1fb4e18d1abb,APOE
2b5fb047-5992-4dfb-b2fa-1fb4e18d1abb,APP
2b5fb047-5992-4dfb-b2fa-1fb4e18d1abb,ATM
2b5fb047-5992-4dfb-b2fa-1fb4e18d1abb,BRAF
2b5fb047-5992-4dfb-b2fa-1fb4e18d1abb,BRCA1
2b5fb047-5992-4dfb-b2fa-1fb4e18d1abb,BRCA2
2b5fb047-5992-4dfb-b2fa-1fb4e18d1abb,CDK2
2b5fb047-5992-4dfb-b2fa-1fb4e18d1abb,CDKN1A
2b5fb047-5992-4dfb-b2fa-1fb4e18d1abb,CFTR
2b5fb047-5992-4dfb-b2fa-1fb4e18d1abb,CLTC
2b5fb047-5992-4dfb-b2fa-1fb4e18d1abb,CRP
2b5fb047-5992-4dfb-b2fa-1fb4e18d1abb,CTNNB1
2b5fb047-5992-4dfb-b2fa-1fb4e18d1abb,CYP1A1
2b5fb047-5992-4dfb-b2fa-1fb4e18d1abb,EGFR
2b5fb047-5992-4dfb-b2fa-1fb4e18d1abb,ESR1
2b5fb047-5992-4dfb-b2fa-1fb4e18d1abb,F5
2b5fb047-5992-4dfb-b2fa-1fb4e18d1abb,F8
2b5fb047-5992-4dfb-b2fa-1fb4e18d1abb,FLI1
2b5fb047-5992-4dfb-b2fa-1fb4e18d1abb,FOXP3
2b5fb047-5992-4dfb-b2fa-1fb4e18d1abb,G6PD
2b5fb047-5992-4dfb-b2fa-1fb4e18d1abb,GAPDH
2b5fb047-5992-4dfb-b2fa-1fb4e18d1abb,GRB2
2b5fb047-5992-4dfb-b2fa-1fb4e18d1abb,HBB
2b5fb047-5992-4dfb-b2fa-1fb4e18d1abb,HLA-A
2b5fb047-5992-4dfb-b2fa-1fb4e18d1abb,HLA-B
2b5fb047-5992-4dfb-b2fa-1fb4e18d1abb,HLA-C
2b5fb047-5992-4dfb-b2fa-1fb4e18d1abb,HRAS
2b5fb047-5992-4dfb-b2fa-1fb4e18d1abb,HTT
2b5fb047-5992-4dfb-b2fa-1fb4e18d1abb,IL6
2b5fb047-5992-4dfb-b2fa-1fb4e18d1abb,JAK2
2b5fb047-5992-4dfb-b2fa-1fb4e18d1abb,KRAS
2b5fb047-5992-4dfb-b2fa-1fb4e18d1abb,LDLR
2b5fb047-5992-4dfb-b2fa-1fb4e18d1abb,LMNA
2b5fb047-5992-4dfb-b2fa-1fb4e18d1abb,MAPK1
2b5fb047-5992-4dfb-b2fa-1fb4e18d1abb,MDM2
2b5fb047-5992-4dfb-b2fa-1fb4e18d1abb,MTHFR
2b5fb047-5992-4dfb-b2fa-1fb4e18d1abb,MYC
2b5fb047-5992-4dfb-b2fa-1fb4e18d1abb,NFKB1
2b5fb047-5992-4dfb-b2fa-1fb4e18d1abb,NOS3
2b5fb047-5992-4dfb-b2fa-1fb4e18d1abb,NRAS
2b5fb047-5992-4dfb-b2fa-1fb4e18d1abb,PCSK9
2b5fb047-5992-4dfb-b2fa-1fb4e18d1abb,PDGFRA
2b5fb047-5992-4dfb-b2fa-1fb4e18d1abb,PIK3CA
2b5fb047-5992-4dfb-b2fa-1fb4e18d1abb,PML
2b5fb047-5992-4dfb-b2fa-1fb4e18d1abb,PTEN
2b5fb047-5992-4dfb-b2fa-1fb4e18d1abb,RB1
2b5fb047-5992-4dfb-b2fa-1fb4e18d1abb,REL
2b5fb047-5992-4dfb-b2fa-1fb4e18d1abb,SMAD4
2b5fb047-5992-4dfb-b2fa-1fb4e18d1abb,SRC
2b5fb047-5992-4dfb-b2fa-1fb4e18d1abb,STAT3
2b5fb047-5992-4dfb-b2fa-1fb4e18d1abb,TP53
2b5fb047-5992-4dfb-b2fa-1fb4e18d1abb,TP63
2b5fb047-5992-4dfb-b2fa-1fb4e18d1abb,TP73
2b5fb047-5992-4dfb-b2fa-1fb4e18d1abb,TSC1
2b5fb047-5992-4dfb-b2fa-1fb4e18d1abb,TSC2
2b5fb047-5992-4dfb-b2fa-1fb4e18d1abb,VEGFA
2b5fb047-5992-4dfb-b2fa-1fb4e18d1abb,VHL
2b5fb047-5992-4dfb-b2fa-1fb4e18d1abb,WRN
2b5fb047-5992-4dfb-b2fa-1fb4e18d1abb,XPA
2b5fb047-5992-4dfb-b2fa-1fb4e18d1abb,XPC
2b5fb047-5992-4dfb-b2fa-1fb4e18d1abb,YAP1
2b5fb047-5992-4dfb-b2fa-1fb4e18d1abb,ZAP70
2b5fb047-5992-4dfb-b2fa-1fb4e18d1abb,ZNF175
2b5fb047-5992-4dfb-b2fa-1fb4e18d1abb,ZNF274
2b5fb047-5992-4dfb-b2fa-1fb4e18d1abb,ACTA1
2b5fb047-5992-4dfb-b2fa-1fb4e18d1abb,ADCY5
2b5fb047-5992-4dfb-b2fa-1fb4e18d1abb,ADRB2
2b5fb047-5992-4dfb-b2fa-1fb4e18d1abb,AHR
2b5fb047-5992-4dfb-b2fa-1fb4e18d1abb,ALB
2b5fb047-5992-4dfb-b2fa-1fb4e18d1abb,ALDH2
2b5fb047-5992-4dfb-b2fa-1fb4e18d1abb,APC
2b5fb047-5992-4dfb-b2fa-1fb4e18d1abb,AR
2b5fb047-5992-4dfb-b2fa-1fb4e18d1abb,ARHGAP1
2b5fb047-5992-4dfb-b2fa-1fb4e18d1abb,BCL2
2b5fb047-5992-4dfb-b2fa-1fb4e18d1abb,BMPR2
2b5fb047-5992-4dfb-b2fa-1fb4e18d1abb,CCND1
2b5fb047-5992-4dfb-b2fa-1fb4e18d1abb,CCR5
2b5fb047-5992-4dfb-b2fa-1fb4e18d1abb,CD4
2b5fb047-5992-4dfb-b2fa-1fb4e18d1abb,CD8A
2b5fb047-5992-4dfb-b2fa-1fb4e18d1abb,CHEK2
2b5fb047-5992-4dfb-b2fa-1fb4e18d1abb,COL1A1
2b5fb047-5992-4dfb-b2fa-1fb4e18d1abb,CRYAA
2b5fb047-5992-4dfb-b2fa-1fb4e18d1abb,CSF1R
2b5fb047-5992-4dfb-b2fa-1fb4e18d1abb,CTSD
2b5fb047-5992-4dfb-b2fa-1fb4e18d1abb,CYCS
2b5fb047-5992-4dfb-b2fa-1fb4e18d1abb,DAXX
2b5fb047-5992-4dfb-b2fa-1fb4e18d1abb,DDX3X
2b5fb047-5992-4dfb-b2fa-1fb4e18d1abb,DES
2b5fb047-5992-4dfb-b2fa-1fb4e18d1abb,DHFR
2b5fb047-5992-4dfb-b2fa-1fb4e18d1abb,EGF
2b5fb047-5992-4dfb-b2fa-1fb4e18d1abb,EIF2AK3
2b5fb047-5992-4dfb-b2fa-1fb4e18d1abb,ELN
2b5fb047-5992-4dfb-b2fa-1fb4e18d1abb,ENG
2b5fb047-5992-4dfb-b2fa-1fb4e18d1abb,ERBB2
2b5fb047-5992-4dfb-b2fa-1fb4e18d1abb,FAS
2b5fb047-5992-4dfb-b2fa-1fb4e18d1abb,FBN1
2b5fb047-5992-4dfb-b2fa-1fb4e18d1abb,FGFR2
2b5fb047-5992-4dfb-b2fa-1fb4e18d1abb,GATA3
2b5fb047-5992-4dfb-b2fa-1fb4e18d1abb,GCK
2b5fb047-5992-4dfb-b2fa-1fb4e18d1abb,GSR
2b5fb047-5992-4dfb-b2fa-1fb4e18d1abb,HIF1A
2b5fb047-5992-4dfb-b2fa-1fb4e18d1abb,HP
2b5fb047-5992-4dfb-b2fa-1fb4e18d1abb,JAG1 
2b5fb047-5992-4dfb-b2fa-1fb4e18d1abb,TTN 
d920ae04-8caf-4dac-9ed3-d4e7326327e1,mRpS25 
8c31359e-d624-4635-860e-9a92cde3dac2,JAG1 
0b73cd78-65a8-479e-9c61-87ad64e4a81c,HSPA13 
195ca575-8bae-4d58-a594-a0a0fb9e70aa,RIPOR1
ce9c01fe-1d5c-4fea-a96a-b8eb3c3586f4,Actb
ce9c01fe-1d5c-4fea-a96a-b8eb3c3586f4,Gapdh
ce9c01fe-1d5c-4fea-a96a-b8eb3c3586f4,Pparg
ce9c01fe-1d5c-4fea-a96a-b8eb3c3586f4,Tbp
ce9c01fe-1d5c-4fea-a96a-b8eb3c3586f4,B2m
ce9c01fe-1d5c-4fea-a96a-b8eb3c3586f4,H2-Ab1
ce9c01fe-1d5c-4fea-a96a-b8eb3c3586f4,Cd4
ce9c01fe-1d5c-4fea-a96a-b8eb3c3586f4,Cd8a
ce9c01fe-1d5c-4fea-a96a-b8eb3c3586f4,Ifng
ce9c01fe-1d5c-4fea-a96a-b8eb3c3586f4,Il6
ce9c01fe-1d5c-4fea-a96a-b8eb3c3586f4,Tnf
ce9c01fe-1d5c-4fea-a96a-b8eb3c3586f4,Egfr
ce9c01fe-1d5c-4fea-a96a-b8eb3c3586f4,Fgfr1
ce9c01fe-1d5c-4fea-a96a-b8eb3c3586f4,Kras
ce9c01fe-1d5c-4fea-a96a-b8eb3c3586f4,Nras
ce9c01fe-1d5c-4fea-a96a-b8eb3c3586f4,Myc
ce9c01fe-1d5c-4fea-a96a-b8eb3c3586f4,Trp53
ce9c01fe-1d5c-4fea-a96a-b8eb3c3586f4,Stat3
ce9c01fe-1d5c-4fea-a96a-b8eb3c3586f4,Jak2
ce9c01fe-1d5c-4fea-a96a-b8eb3c3586f4,Mapk1
ce9c01fe-1d5c-4fea-a96a-b8eb3c3586f4,Akt1
ce9c01fe-1d5c-4fea-a96a-b8eb3c3586f4,Ctnnb1
ce9c01fe-1d5c-4fea-a96a-b8eb3c3586f4,Vegfa
ce9c01fe-1d5c-4fea-a96a-b8eb3c3586f4,Nos3
ce9c01fe-1d5c-4fea-a96a-b8eb3c3586f4,Ptprc
ce9c01fe-1d5c-4fea-a96a-b8eb3c3586f4,Lrp1
ce9c01fe-1d5c-4fea-a96a-b8eb3c3586f4,Flt1
ce9c01fe-1d5c-4fea-a96a-b8eb3c3586f4,Tek
ce9c01fe-1d5c-4fea-a96a-b8eb3c3586f4,Cdh1
ce9c01fe-1d5c-4fea-a96a-b8eb3c3586f4,Itgb1
ce9c01fe-1d5c-4fea-a96a-b8eb3c3586f4,Smad3
